type,id,mac,rssi,rate,sig_mode,mcs,bandwidth,smoothing,not_sounding,aggregation,stbc,fec_coding,sgi,noise_floor,ampdu_cnt,channel,secondary_channel,local_timestamp,ant,sig_len,rx_state,len,first_word,data
CSI_DATA,13,1a:00:00:00:00:00,-46,11,1,0,1,1,1,0,0,0,1,-96,0,11,2,422430,0,44,0,384,0,"[0,0,0,0,0,0,0,0,0,0,0,0,-5,6,-6,7,-6,7,-6,6,-6,6,-6,7,-6,6,-6,6,-6,6,-6,6,-6,6,-6,6,-5,6,-5,7,-5,6,-5,7,-4,7,-4,6,-4,7,-4,7,-4,6,-4,7,-4,7,-4,7,-3,7,-3,7,0,0,-3,7,-3,7,-3,7,-3,7,-3,7,-2,7,-2,7,-2,7,-2,6,-2,6,-2,6,-2,6,-2,6,-2,6,-2,6,-2,6,-2,5,-2,5,-2,5,-3,5,-3,4,-3,4,-4,4,-3,4,-4,3,-4,3,0,0,0,0,0,0,0,0,0,0,0,0,0,0,-19,26,-26,36,-24,34,-30,38,-34,34,-36,33,-35,29,-33,33,-38,34,-35,32,-40,35,-36,32,-39,32,-37,33,-34,26,-37,32,-34,35,-31,35,-33,32,-34,34,-32,33,-28,32,-26,36,-28,38,-28,37,-24,35,-26,39,-22,39,-27,39,-23,36,-26,38,-25,38,-22,39,-20,40,-22,37,-22,38,-21,35,-21,39,-21,35,-19,37,-21,37,-21,32,-21,35,-18,30,-18,32,-21,30,-20,31,-21,32,-20,26,-18,26,-20,23,-18,22,-24,23,-23,24,-21,18,-25,16,-26,15,0,0,0,0,0,0,0,0,0,0,0,0,0,0,0,0,0,0,0,0,0,0,50,-7,49,-4,57,-1,56,3,60,4,61,14,63,13,61,14,68,26,67,19,66,21,70,31,69,30,71,33,67,33,65,42,65,38,63,44,62,40,61,45,62,44,63,48,56,50,56,46,53,51,55,49,49,50,47,45,52,49,45,43,41,40,40,38,42,36,41,36,34,34,36,35,34,33,34,29,32,28,33,26,29,28,24,26,20,22,25,25,16,19,11,23,11,20,10,16,6,13,6,17,0,12,-2,12,-9,12,-16,7,-19,3,-22,-6,-26,-6,0,0]"
CSI_DATA,14,1a:00:00:00:00:00,-45,11,1,0,1,1,1,0,0,0,1,-96,0,11,2,434924,0,44,0,384,0,"[0,0,0,0,0,0,0,0,0,0,0,0,-9,0,-9,0,-9,0,-10,-1,-10,-1,-9,-1,-9,-1,-9,-1,-9,-1,-9,-1,-9,-1,-9,-1,-9,-1,-9,-1,-9,0,-9,0,-8,0,-9,0,-8,1,-8,1,-8,1,-9,1,-8,1,-8,1,-8,1,-8,1,0,0,-8,1,-8,2,-8,1,-8,1,-8,1,-7,2,-7,1,-7,1,-7,1,-7,1,-7,1,-7,1,-7,1,-7,1,-7,1,-7,1,-6,1,-6,0,-7,0,-6,0,-6,0,-6,0,-6,-1,-6,-1,-5,-1,-5,-2,0,0,0,0,0,0,0,0,0,0,0,0,0,0,-35,10,-42,8,-45,4,-47,3,-51,4,-48,-1,-50,-5,-51,-5,-50,-4,-52,-7,-47,-3,-51,-6,-53,-3,-46,-4,-47,0,-48,-2,-48,-1,-48,-2,-48,-2,-44,3,-49,7,-49,3,-46,8,-49,3,-47,6,-49,10,-49,6,-43,9,-46,11,-50,12,-46,10,-44,12,-41,13,-41,14,-45,15,-43,10,-37,13,-38,12,-37,9,-37,12,-40,11,-37,8,-38,12,-33,11,-39,10,-39,10,-34,12,-34,10,-36,7,-38,5,-34,5,-33,0,-35,1,-31,-1,-30,-1,-29,-5,-29,-8,0,0,0,0,0,0,0,0,0,0,0,0,0,0,0,0,0,0,0,0,0,0,37,30,37,35,40,42,38,46,38,44,33,51,33,55,29,60,28,64,26,63,25,66,25,69,22,71,19,73,22,75,13,74,15,74,12,77,12,76,8,76,0,72,8,81,4,74,2,70,4,73,1,70,-1,71,1,67,-3,63,-2,60,-3,64,-5,54,0,52,-3,51,1,49,2,48,2,47,0,45,4,41,0,41,2,36,0,34,-4,35,-1,28,-1,27,-7,25,-7,23,-4,20,-7,13,-8,14,-10,5,-4,4,-14,2,-14,-8,-16,-15,-15,-16,-15,-19,0,0]"
CSI_DATA,15,1a:00:00:00:00:00,-45,11,1,0,1,1,1,0,0,0,1,-96,0,11,2,442424,0,44,0,384,0,"[0,0,0,0,0,0,0,0,0,0,0,0,2,-9,2,-9,3,-9,3,-9,3,-9,3,-9,3,-9,4,-9,3,-8,3,-9,3,-9,3,-9,3,-9,3,-8,2,-8,2,-9,2,-8,2,-8,2,-9,1,-9,2,-8,1,-9,1,-9,1,-9,1,-8,1,-8,0,0,0,-8,0,-8,0,-8,0,-8,0,-8,0,-8,0,-8,0,-8,0,-8,0,-7,0,-7,0,-7,0,-7,0,-7,0,-7,0,-7,0,-7,0,-6,0,-6,1,-6,1,-6,1,-6,2,-6,2,-5,2,-5,2,-4,0,0,0,0,0,0,0,0,0,0,0,0,0,0,8,-41,9,-35,12,-42,13,-46,17,-46,21,-48,24,-44,23,-48,20,-46,24,-42,22,-47,21,-46,26,-43,22,-41,26,-40,22,-46,19,-45,15,-45,17,-43,16,-43,18,-47,14,-47,12,-47,11,-45,13,-45,10,-42,9,-44,13,-48,6,-46,9,-45,7,-43,10,-46,7,-45,3,-44,7,-39,5,-43,7,-42,8,-44,5,-41,3,-38,5,-37,6,-39,6,-41,5,-37,5,-40,3,-34,4,-35,5,-38,4,-35,9,-35,8,-33,11,-34,13,-33,10,-27,15,-29,15,-27,18,-22,0,0,0,0,0,0,0,0,0,0,0,0,0,0,0,0,0,0,0,0,0,0,-44,26,-48,25,-49,20,-59,22,-55,19,-61,18,-60,12,-65,8,-71,10,-69,8,-73,0,-75,3,-79,-4,-79,-6,-79,-8,-76,-9,-79,-11,-74,-17,-76,-19,-76,-16,-74,-19,-75,-20,-69,-21,-69,-23,-67,-26,-66,-24,-65,-24,-64,-24,-59,-22,-58,-23,-55,-21,-61,-20,-53,-21,-49,-19,-47,-18,-48,-14,-41,-15,-40,-15,-40,-14,-39,-17,-36,-11,-30,-14,-35,-13,-27,-12,-29,-10,-22,-14,-15,-11,-19,-13,-18,-10,-7,-12,-5,-13,-5,-11,5,-11,11,-11,14,-8,21,-9,20,-7,0,0]"
CSI_DATA,16,1a:00:00:00:00:00,-45,11,1,0,1,1,1,0,0,0,1,-96,0,11,2,462471,0,44,0,384,0,"[0,0,0,0,0,0,0,0,0,0,0,0,-10,2,-10,2,-10,1,-10,1,-11,1,-11,1,-10,1,-10,1,-10,1,-10,1,-10,0,-10,1,-10,1,-10,1,-9,2,-9,2,-10,2,-9,2,-9,2,-9,3,-9,3,-9,3,-9,2,-9,3,-8,3,-8,3,0,0,-8,3,-8,3,-8,3,-7,3,-8,3,-7,4,-7,4,-7,3,-7,3,-7,3,-6,3,-6,3,-7,3,-6,3,-6,3,-6,3,-6,3,-7,2,-6,2,-6,2,-6,1,-6,1,-6,1,-6,0,-6,0,-6,-1,0,0,0,0,0,0,0,0,0,0,0,0,0,0,-37,22,-38,17,-42,15,-45,13,-44,14,-48,16,-49,14,-50,11,-48,9,-55,7,-54,6,-51,6,-53,11,-52,13,-49,14,-49,13,-48,15,-47,14,-46,12,-47,17,-49,18,-46,17,-40,16,-41,18,-42,22,-40,22,-47,22,-36,23,-41,22,-40,22,-39,24,-44,26,-39,22,-31,27,-41,23,-29,24,-34,27,-30,25,-32,24,-36,25,-31,21,-28,23,-32,28,-31,25,-29,23,-35,18,-30,22,-32,19,-30,22,-34,18,-31,17,-33,9,-31,14,-28,11,-34,12,-32,5,-26,4,0,0,0,0,0,0,0,0,0,0,0,0,0,0,0,0,0,0,0,0,0,0,45,22,48,26,50,31,48,36,44,35,42,42,43,48,44,53,43,56,42,56,42,63,42,63,43,62,41,68,36,66,32,65,34,73,32,71,30,74,29,73,28,69,27,74,23,66,24,71,23,68,25,68,23,64,22,69,15,61,19,61,16,56,16,57,13,52,13,54,14,47,15,46,15,49,16,41,14,37,17,35,10,33,9,35,10,30,10,30,9,25,6,26,2,26,4,21,-2,16,1,15,-6,8,-8,6,-12,3,-14,0,-19,-5,-18,-14,-16,-17,0,0]"
CSI_DATA,17,1a:00:00:00:00:00,-46,11,1,0,1,1,1,0,0,0,1,-96,0,11,2,472872,0,44,0,384,0,"[0,0,0,0,0,0,0,0,0,0,0,0,-2,-9,-2,-10,-2,-10,-1,-10,-1,-10,-1,-10,-1,-10,-1,-10,-1,-9,-2,-10,-1,-10,-1,-9,-2,-9,-2,-9,-2,-9,-2,-9,-2,-9,-2,-9,-3,-8,-2,-9,-3,-8,-3,-8,-3,-8,-3,-8,-3,-8,-4,-8,0,0,-4,-8,-4,-7,-3,-8,-4,-7,-3,-7,-4,-7,-3,-7,-3,-7,-4,-7,-4,-7,-4,-7,-3,-6,-3,-6,-3,-6,-3,-6,-3,-6,-3,-6,-3,-6,-3,-6,-2,-6,-2,-6,-2,-6,-2,-6,-1,-6,-1,-5,0,-5,0,0,0,0,0,0,0,0,0,0,0,0,0,0,-10,-37,-13,-40,-9,-44,-5,-48,-5,-52,-4,-49,0,-54,1,-52,-2,-54,-2,-48,3,-51,-3,-55,1,-52,0,-50,-1,-53,-2,-52,-1,-51,-3,-49,-2,-49,-6,-48,-5,-46,-7,-53,-12,-44,-8,-45,-8,-48,-8,-44,-7,-39,-13,-43,-12,-42,-14,-44,-13,-46,-17,-42,-14,-43,-16,-42,-17,-45,-14,-40,-16,-39,-18,-40,-18,-35,-19,-33,-15,-35,-15,-36,-15,-40,-13,-34,-14,-38,-15,-35,-15,-33,-14,-37,-9,-36,-9,-35,-10,-33,-9,-35,-8,-31,-5,-32,0,-31,2,-29,3,-29,0,0,0,0,0,0,0,0,0,0,0,0,0,0,0,0,0,0,0,0,0,0,-24,43,-30,42,-35,45,-38,45,-46,45,-47,44,-48,40,-51,41,-57,38,-58,39,-63,33,-65,30,-68,31,-70,30,-71,27,-74,24,-73,27,-75,26,-73,21,-76,20,-75,19,-76,18,-72,16,-73,14,-72,9,-70,13,-66,10,-66,10,-67,5,-58,8,-60,5,-59,5,-56,6,-51,7,-54,12,-46,8,-47,10,-43,5,-39,9,-40,8,-38,6,-40,3,-35,5,-28,2,-30,1,-29,3,-24,1,-20,-4,-17,-3,-17,-5,-11,-11,-9,-8,0,-12,6,-14,13,-12,12,-12,20,-15,0,0]"
CSI_DATA,18,1a:00:00:00:00:00,-46,11,1,0,1,1,1,0,0,0,1,-96,0,11,2,485663,0,44,0,384,0,"[0,0,0,0,0,0,0,0,0,0,0,0,8,-1,9,-1,9,0,9,0,9,0,9,0,9,0,9,0,9,0,8,1,9,0,9,0,9,-1,8,0,8,0,8,-1,8,-1,8,-1,8,-2,8,-1,8,-1,8,-2,8,-2,7,-2,8,-2,7,-2,0,0,7,-2,7,-3,7,-3,7,-2,6,-2,7,-2,6,-2,6,-2,6,-2,6,-2,6,-2,6,-3,6,-2,6,-2,6,-2,6,-2,6,-2,5,-1,5,-1,5,-1,5,-1,5,0,5,0,5,0,4,1,4,1,0,0,0,0,0,0,0,0,0,0,0,0,0,0,33,-11,45,-14,42,-12,46,-6,49,-8,50,-2,50,-1,57,1,47,3,47,-1,53,4,49,1,53,0,48,1,48,1,50,0,50,-1,46,0,50,-3,48,-7,49,-8,49,-6,41,-7,47,-12,44,-11,45,-11,47,-15,44,-13,43,-11,49,-13,44,-13,43,-11,46,-14,40,-12,44,-12,42,-13,41,-12,35,-12,36,-19,37,-12,37,-14,36,-14,38,-18,34,-15,34,-14,33,-12,39,-12,35,-12,39,-9,37,-8,34,-5,33,-6,33,-8,31,-4,30,1,29,3,27,5,0,0,0,0,0,0,0,0,0,0,0,0,0,0,0,0,0,0,0,0,0,0,-45,-25,-48,-26,-45,-34,-45,-39,-47,-42,-45,-49,-43,-51,-43,-53,-43,-59,-39,-61,-41,-67,-50,-62,-32,-75,-38,-66,-31,-65,-23,-87,-30,-80,-25,-73,-28,-75,-21,-75,-25,-73,-17,-78,-21,-77,-12,-74,-12,-68,-14,-73,-11,-72,-10,-68,-5,-65,-10,-62,-7,-61,-7,-55,-7,-54,-7,-57,-9,-52,-7,-51,-11,-45,-11,-48,-10,-44,-9,-43,-4,-38,-6,-37,-8,-36,-5,-33,-3,-31,-10,-29,-2,-24,2,-25,-5,-21,6,-10,7,-9,9,-8,11,-6,10,4,15,4,16,13,10,21,0,0]"
CSI_DATA,19,1a:00:00:00:00:00,-46,11,1,0,1,1,1,0,0,0,1,-96,0,11,2,502439,0,44,0,384,0,"[0,0,0,0,0,0,0,0,0,0,0,0,-4,7,-4,7,-5,7,-5,7,-5,7,-5,7,-5,7,-5,7,-5,6,-5,7,-4,7,-4,7,-4,7,-4,7,-4,6,-4,7,-3,7,-3,7,-3,7,-3,7,-3,7,-3,7,-2,7,-2,7,-2,7,-2,7,0,0,-2,7,-2,7,-2,7,-2,7,-2,6,-2,7,-2,6,-2,6,-2,6,-1,6,-1,6,-2,6,-2,6,-1,5,-2,6,-2,5,-2,6,-2,5,-2,5,-2,5,-2,4,-3,4,-3,4,-3,4,-3,3,-3,3,0,0,0,0,0,0,0,0,0,0,0,0,0,0,-4,38,-3,42,-7,45,-14,46,-18,43,-18,44,-20,49,-18,42,-25,47,-27,47,-24,47,-24,47,-23,44,-20,45,-23,42,-22,47,-21,42,-20,44,-16,41,-15,45,-11,46,-12,49,-9,43,-10,50,-13,44,-10,47,-10,51,-10,49,-10,47,-8,45,-4,44,-6,43,-5,45,0,48,-4,42,-3,41,-7,43,-5,40,-1,43,-3,41,-4,39,-3,37,-3,40,-2,35,-2,35,-2,39,-4,35,-3,39,-5,32,-8,37,-7,32,-7,33,-8,29,-11,31,-17,31,-16,24,-17,22,0,0,0,0,0,0,0,0,0,0,0,0,0,0,0,0,0,0,0,0,0,0,42,-26,44,-26,51,-26,59,-19,61,-18,63,-19,60,-17,69,-10,67,-9,74,-9,73,-3,75,-2,77,-2,75,4,77,3,82,7,80,9,81,14,77,11,79,17,73,20,73,13,80,23,76,24,66,24,71,23,66,24,60,19,63,25,61,24,54,24,54,21,51,16,51,13,49,17,49,14,50,15,45,12,41,13,39,12,34,13,37,11,34,10,33,13,31,9,27,6,23,11,18,12,15,8,6,9,6,12,1,9,-4,11,-7,10,-12,8,-17,7,-23,5,0,0]"
CSI_DATA,20,1a:00:00:00:00:00,-46,11,1,0,1,1,1,0,0,0,1,-96,0,11,2,513741,0,44,0,384,0,"[0,0,0,0,0,0,0,0,0,0,0,0,8,-1,8,-1,8,0,8,-1,9,0,8,0,9,0,8,0,8,0,8,0,8,0,8,-1,7,-1,8,-1,7,-1,8,-1,8,-1,8,-2,7,-2,7,-2,7,-2,7,-2,7,-2,7,-3,7,-3,7,-3,0,0,7,-3,7,-3,7,-4,6,-4,6,-3,6,-4,6,-3,6,-3,6,-3,6,-3,5,-3,5,-3,6,-3,5,-3,5,-3,5,-3,5,-3,5,-3,5,-2,5,-2,5,-2,5,-2,5,-1,5,-1,4,0,4,0,0,0,0,0,0,0,0,0,0,0,0,0,0,0,37,-4,39,-9,44,-7,44,-2,45,-7,46,3,50,4,46,6,46,3,51,3,46,5,48,4,48,8,49,3,48,0,47,-1,47,-2,44,-5,46,-6,49,-4,44,-10,47,-5,43,-6,43,-10,44,-10,40,-12,45,-9,43,-16,39,-14,42,-13,40,-16,43,-12,40,-16,39,-19,38,-16,40,-13,41,-16,40,-18,34,-15,41,-12,36,-17,38,-14,31,-17,31,-16,27,-15,33,-14,37,-13,31,-14,36,-11,34,-8,34,-10,31,-10,35,-6,26,-4,32,-4,31,0,28,6,0,0,0,0,0,0,0,0,0,0,0,0,0,0,0,0,0,0,0,0,0,0,-34,-34,-31,-40,-31,-48,-29,-49,-30,-52,-28,-58,-27,-59,-26,-61,-22,-63,-22,-66,-21,-72,-16,-72,-17,-74,-10,-73,-7,-76,-9,-76,-6,-79,-4,-79,-5,-77,2,-76,-1,-76,-1,-75,3,-77,5,-79,5,-71,6,-77,6,-74,7,-66,4,-64,3,-64,6,-63,2,-60,5,-56,-1,-55,2,-53,2,-50,0,-47,-1,-45,-3,-44,0,-45,-5,-40,2,-41,-1,-38,1,-33,-1,-32,0,-22,3,-25,8,-24,5,-15,7,-15,9,-14,4,-6,6,-4,11,2,11,10,9,15,11,18,0,0]"
CSI_DATA,21,1a:00:00:00:00:00,-45,11,1,0,1,1,1,0,0,0,1,-96,0,11,2,522748,0,44,0,384,0,"[0,0,0,0,0,0,0,0,0,0,0,0,8,-1,8,-1,8,-2,8,-1,8,-1,8,-1,8,0,8,-1,8,-1,8,-1,8,-1,8,-1,8,-1,7,-2,7,-1,7,-1,7,-2,7,-2,7,-3,7,-2,7,-3,7,-3,7,-3,7,-3,7,-3,7,-3,0,0,7,-3,7,-3,6,-3,7,-3,6,-3,6,-3,6,-3,6,-3,6,-3,6,-3,6,-3,6,-3,5,-3,5,-3,5,-2,5,-2,5,-3,5,-2,5,-2,5,-1,5,-1,5,-1,5,-1,5,-1,4,0,4,0,0,0,0,0,0,0,0,0,0,0,0,0,0,0,38,-12,41,-7,42,-5,45,-9,44,1,47,-1,48,4,49,4,45,-1,50,2,48,-1,44,5,45,1,43,0,44,2,44,3,45,3,45,-1,47,-2,46,-3,48,-7,43,-1,43,-6,43,-7,45,-8,47,-10,45,-8,38,-10,45,-7,43,-8,46,-8,46,-10,40,-13,41,-13,39,-10,41,-14,39,-11,38,-14,39,-14,39,-14,41,-9,38,-9,39,-11,41,-11,34,-12,32,-9,35,-9,35,-6,32,-4,36,-7,33,-3,32,-5,32,-2,28,0,30,4,28,7,28,9,0,0,0,0,0,0,0,0,0,0,0,0,0,0,0,0,0,0,0,0,0,0,-38,-28,-43,-32,-40,-35,-43,-38,-41,-43,-45,-48,-40,-47,-39,-56,-37,-59,-34,-60,-30,-61,-36,-69,-31,-68,-28,-73,-29,-75,-27,-72,-23,-78,-21,-72,-18,-75,-20,-76,-18,-76,-16,-75,-14,-73,-13,-70,-9,-74,-10,-77,-4,-75,-6,-73,-7,-65,-6,-65,-6,-61,-7,-59,-8,-58,-5,-55,-8,-52,-10,-52,-6,-48,-4,-48,-5,-44,-4,-45,-6,-42,-4,-39,-7,-38,-3,-33,-3,-32,-5,-24,0,-27,2,-27,1,-20,5,-15,10,-12,10,-10,13,1,8,-3,12,6,14,11,16,17,0,0]"
CSI_DATA,22,1a:00:00:00:00:00,-45,11,1,0,1,1,1,0,0,0,1,-96,0,11,2,545510,0,44,0,384,0,"[0,0,0,0,0,0,0,0,0,0,0,0,7,-4,7,-4,7,-4,8,-4,7,-3,8,-4,7,-3,8,-3,7,-3,7,-4,7,-3,7,-4,7,-4,7,-4,7,-4,7,-4,6,-5,6,-4,6,-5,6,-4,6,-5,6,-5,6,-5,6,-5,6,-5,6,-5,0,0,6,-5,6,-5,5,-5,5,-5,5,-5,5,-5,5,-5,5,-5,5,-5,4,-5,5,-5,4,-5,4,-4,4,-5,4,-5,4,-4,4,-4,4,-4,4,-4,4,-4,4,-3,5,-3,4,-3,4,-2,4,-2,4,-2,0,0,0,0,0,0,0,0,0,0,0,0,0,0,36,-23,34,-19,42,-26,44,-18,49,-19,45,-15,48,-16,50,-17,48,-16,46,-14,46,-12,50,-16,50,-14,47,-13,44,-19,46,-17,48,-21,44,-22,44,-21,47,-20,42,-26,46,-22,41,-27,40,-22,37,-27,41,-29,38,-25,36,-28,34,-25,40,-27,35,-31,36,-30,33,-28,36,-28,32,-25,29,-27,29,-27,29,-30,33,-26,32,-25,29,-26,29,-25,28,-26,25,-28,29,-27,24,-23,30,-25,26,-27,29,-23,26,-21,25,-22,30,-18,29,-17,30,-12,29,-15,31,-9,28,-6,0,0,0,0,0,0,0,0,0,0,0,0,0,0,0,0,0,0,0,0,0,0,-49,-21,-50,-24,-48,-32,-51,-36,-51,-40,-52,-42,-48,-43,-48,-49,-48,-55,-47,-56,-48,-59,-43,-60,-47,-64,-43,-67,-44,-65,-40,-73,-40,-73,-38,-69,-38,-66,-31,-73,-33,-74,-31,-71,-31,-72,-29,-76,-29,-71,-26,-74,-26,-68,-23,-67,-23,-67,-22,-62,-19,-62,-19,-60,-17,-56,-18,-52,-18,-56,-20,-50,-17,-53,-21,-44,-17,-41,-16,-41,-18,-39,-14,-38,-14,-38,-11,-33,-7,-31,-5,-33,-2,-28,-4,-26,-1,-24,-2,-18,2,-16,7,-10,11,-6,8,-1,14,4,22,8,18,13,0,0]"
CSI_DATA,23,1a:00:00:00:00:00,-46,11,1,0,1,1,1,0,0,0,1,-96,0,11,2,552417,0,44,0,384,0,"[0,0,0,0,0,0,0,0,0,0,0,0,7,-1,8,-1,8,0,8,0,8,0,8,1,8,0,8,0,8,0,8,0,8,0,8,0,8,0,8,0,8,-1,8,-1,8,-1,7,-1,8,-1,7,-1,7,-2,7,-2,7,-2,7,-2,7,-2,7,-2,0,0,7,-2,7,-2,7,-2,7,-2,7,-2,7,-3,6,-2,6,-2,6,-2,6,-2,6,-3,5,-2,5,-3,6,-2,5,-2,6,-2,5,-2,5,-2,5,-2,5,-1,5,-1,5,-1,5,-1,5,0,4,0,4,0,0,0,0,0,0,0,0,0,0,0,0,0,0,0,35,-8,36,-6,40,-8,47,-8,44,-2,44,-4,47,1,47,7,46,9,50,5,49,1,48,5,51,4,45,2,48,2,50,3,47,5,45,-3,46,1,43,-2,53,-5,43,-3,45,-5,43,-6,44,-6,45,-12,44,-6,42,-8,41,-10,43,-11,47,-9,46,-11,41,-15,40,-14,42,-14,39,-10,37,-9,41,-12,37,-16,36,-14,36,-11,39,-12,33,-10,33,-14,34,-12,36,-12,37,-9,34,-9,36,-11,36,-6,36,-7,30,-3,30,-3,27,0,27,0,30,2,28,4,0,0,0,0,0,0,0,0,0,0,0,0,0,0,0,0,0,0,0,0,0,0,-37,-34,-39,-38,-36,-38,-34,-48,-31,-45,-32,-53,-29,-55,-29,-60,-27,-63,-23,-63,-25,-68,-22,-71,-21,-73,-17,-74,-19,-75,-13,-72,-15,-75,-12,-78,-9,-76,-8,-71,-5,-71,-7,-76,-7,-74,-2,-73,0,-69,-1,-72,-2,-72,0,-72,0,-64,2,-66,3,-61,2,-62,2,-56,0,-55,2,-51,3,-52,1,-49,0,-46,0,-47,0,-44,0,-40,1,-37,1,-35,0,-31,-2,-32,-4,-30,2,-23,5,-19,3,-18,8,-17,11,-14,12,-11,11,-4,10,3,11,8,11,10,16,17,0,0]"
CSI_DATA,24,1a:00:00:00:00:00,-46,11,1,0,1,1,1,0,0,0,1,-96,0,11,2,562626,0,44,0,384,0,"[0,0,0,0,0,0,0,0,0,0,0,0,-8,-3,-8,-4,-8,-3,-8,-4,-8,-4,-8,-4,-8,-4,-8,-4,-8,-4,-8,-4,-8,-4,-8,-3,-8,-3,-8,-3,-8,-3,-9,-3,-8,-2,-8,-3,-8,-2,-8,-2,-8,-2,-8,-2,-8,-2,-8,-1,-8,-1,-9,-1,0,0,-8,-1,-8,-1,-8,-1,-8,-1,-8,-1,-8,-1,-7,-1,-7,0,-7,-1,-7,-1,-7,0,-7,-1,-7,-1,-7,0,-7,-1,-7,-1,-7,-1,-6,-1,-7,-1,-6,-1,-6,-1,-6,-2,-6,-2,-5,-2,-5,-3,-5,-3,0,0,0,0,0,0,0,0,0,0,0,0,0,0,-36,-10,-37,-8,-42,-18,-43,-19,-45,-23,-47,-25,-43,-31,-42,-30,-43,-28,-44,-25,-42,-25,-39,-26,-44,-28,-46,-29,-41,-29,-46,-24,-47,-27,-45,-26,-47,-22,-41,-22,-41,-20,-45,-16,-43,-15,-40,-13,-45,-12,-46,-11,-42,-14,-46,-11,-46,-11,-48,-12,-46,-7,-44,-9,-43,-8,-44,-7,-43,-6,-43,-7,-43,-8,-43,-9,-45,-3,-41,0,-39,-8,-41,-7,-38,-9,-41,-7,-36,-8,-39,-8,-36,-10,-37,-7,-40,-7,-34,-4,-34,-6,-32,-12,-36,-9,-32,-13,-27,-17,-26,-17,-24,-19,0,0,0,0,0,0,0,0,0,0,0,0,0,0,0,0,0,0,0,0,0,0,13,51,9,53,4,55,2,59,-1,59,-4,59,-7,63,-8,66,-12,71,-13,69,-19,69,-23,70,-22,68,-28,73,-27,72,-27,68,-36,74,-30,70,-32,63,-36,67,-34,69,-40,68,-36,66,-42,59,-41,61,-39,60,-37,61,-40,58,-39,57,-35,54,-37,52,-30,47,-34,48,-26,51,-31,47,-26,47,-26,40,-24,41,-26,42,-27,38,-20,39,-22,32,-18,32,-19,30,-20,25,-17,28,-15,20,-19,16,-17,14,-15,12,-13,3,-13,0,-12,-5,-8,-8,-4,-11,-8,-16,-8,-20,0,0]"
CSI_DATA,25,1a:00:00:00:00:00,-46,11,1,0,1,1,1,0,0,0,1,-96,0,11,2,572452,0,44,0,384,0,"[0,0,0,0,0,0,0,0,0,0,0,0,-5,-8,-5,-8,-5,-8,-5,-8,-5,-9,-5,-9,-5,-8,-5,-9,-5,-9,-5,-8,-4,-9,-5,-8,-5,-8,-5,-8,-5,-7,-6,-7,-6,-8,-5,-7,-5,-7,-6,-7,-6,-7,-6,-7,-6,-7,-6,-6,-6,-6,-6,-7,0,0,-6,-6,-6,-6,-6,-6,-6,-6,-6,-6,-6,-6,-6,-6,-6,-5,-5,-6,-6,-5,-5,-5,-5,-5,-5,-5,-5,-5,-5,-5,-5,-5,-5,-5,-5,-6,-5,-5,-4,-5,-4,-5,-4,-5,-3,-5,-3,-6,-2,-5,-2,-5,0,0,0,0,0,0,0,0,0,0,0,0,0,0,-28,-29,-24,-33,-26,-38,-28,-38,-28,-41,-24,-39,-23,-45,-22,-52,-23,-45,-21,-45,-20,-47,-18,-46,-20,-42,-21,-41,-19,-44,-25,-42,-23,-42,-26,-41,-22,-41,-26,-39,-28,-38,-31,-37,-29,-41,-27,-39,-29,-39,-27,-38,-28,-33,-32,-35,-33,-36,-32,-32,-35,-32,-32,-30,-26,-30,-32,-32,-32,-27,-31,-30,-30,-32,-32,-28,-28,-28,-31,-27,-30,-29,-30,-25,-26,-25,-26,-24,-29,-25,-25,-25,-30,-27,-26,-27,-25,-25,-25,-28,-24,-30,-21,-26,-20,-29,-17,-28,-17,-28,-16,-27,-12,-28,0,0,0,0,0,0,0,0,0,0,0,0,0,0,0,0,0,0,0,0,0,0,-14,51,-21,48,-24,49,-28,51,-29,52,-38,51,-41,52,-41,50,-42,47,-45,48,-51,52,-54,50,-55,51,-58,49,-61,49,-61,42,-64,46,-61,38,-65,38,-66,40,-66,37,-65,35,-66,32,-64,34,-61,34,-68,32,-60,31,-60,28,-57,27,-55,28,-51,22,-56,24,-54,19,-49,18,-47,22,-44,20,-39,22,-41,24,-41,25,-34,22,-39,17,-30,17,-31,18,-34,11,-29,11,-24,8,-22,8,-20,5,-18,1,-17,-3,-15,-1,-11,-1,-9,-8,-2,-17,-3,-17,5,-18,7,-25,0,0]"
CSI_DATA,26,1a:00:00:00:00:00,-46,11,1,0,1,1,1,0,0,0,1,-96,0,11,2,582450,0,44,0,384,0,"[0,0,0,0,0,0,0,0,0,0,0,0,-8,3,-8,3,-9,3,-8,3,-9,2,-9,2,-9,2,-9,2,-9,3,-9,2,-9,3,-8,3,-9,3,-8,3,-8,3,-8,4,-8,4,-8,3,-7,4,-7,4,-7,4,-7,4,-7,4,-7,4,-7,4,-7,4,0,0,-6,4,-6,4,-7,5,-7,4,-6,5,-6,4,-6,4,-6,4,-6,4,-6,4,-6,4,-6,4,-6,4,-5,3,-6,3,-6,3,-6,3,-5,3,-6,2,-6,3,-6,2,-6,2,-5,1,-6,1,-5,1,-5,0,0,0,0,0,0,0,0,0,0,0,0,0,0,0,-21,32,-30,30,-30,30,-31,31,-40,26,-42,27,-41,27,-42,25,-43,26,-39,26,-44,30,-39,27,-42,26,-41,20,-46,25,-41,21,-42,23,-39,28,-39,27,-38,29,-37,27,-34,29,-37,31,-33,32,-28,31,-32,34,-34,29,-33,36,-33,30,-34,31,-31,34,-34,32,-28,34,-28,33,-24,34,-26,33,-24,34,-26,35,-24,36,-25,33,-24,31,-25,27,-28,29,-23,30,-25,31,-24,30,-27,26,-26,28,-29,24,-28,23,-25,27,-26,22,-23,22,-28,17,-30,16,-27,5,-30,7,0,0,0,0,0,0,0,0,0,0,0,0,0,0,0,0,0,0,0,0,0,0,49,0,49,2,58,6,56,11,57,15,58,19,61,21,60,21,61,30,61,31,61,37,63,45,61,40,62,39,58,43,57,45,61,47,57,51,54,53,52,49,59,49,48,55,50,55,44,59,46,57,40,55,37,55,40,54,38,47,38,49,36,50,38,45,35,44,34,38,33,35,31,37,29,38,30,37,21,32,28,30,25,28,23,30,20,26,15,25,12,25,13,19,12,20,8,20,3,16,5,15,-2,14,-8,9,-4,7,-16,0,-17,-2,-22,0,-22,-6,0,0]"
CSI_DATA,27,1a:00:00:00:00:00,-46,11,1,0,1,1,1,0,0,0,1,-96,0,11,2,592627,0,44,0,384,0,"[0,0,0,0,0,0,0,0,0,0,0,0,3,-8,3,-8,4,-8,4,-8,5,-8,4,-8,4,-8,4,-8,4,-8,5,-8,5,-7,5,-8,4,-8,4,-8,3,-8,4,-8,3,-8,3,-8,3,-8,3,-8,2,-8,2,-8,2,-8,2,-8,2,-9,2,-8,0,0,2,-8,2,-9,2,-8,1,-8,2,-8,1,-8,1,-8,1,-8,1,-8,1,-8,1,-7,2,-7,1,-7,1,-7,1,-7,1,-7,1,-7,2,-6,2,-7,2,-6,2,-6,3,-6,3,-5,3,-5,3,-4,3,-4,0,0,0,0,0,0,0,0,0,0,0,0,0,0,5,-37,9,-40,12,-44,12,-43,15,-52,15,-47,22,-46,19,-43,24,-49,22,-46,24,-45,21,-42,19,-47,21,-42,17,-44,17,-45,15,-42,18,-45,17,-42,15,-45,15,-46,12,-47,8,-45,10,-43,5,-44,7,-46,8,-47,2,-48,0,-47,2,-45,0,-47,-1,-49,-2,-47,-1,-45,-3,-45,2,-43,-3,-45,-1,-44,2,-43,-2,-44,-2,-44,0,-41,4,-44,-1,-41,-3,-36,1,-43,3,-37,2,-40,1,-35,5,-38,4,-35,7,-32,7,-36,10,-32,10,-29,11,-27,15,-22,0,0,0,0,0,0,0,0,0,0,0,0,0,0,0,0,0,0,0,0,0,0,-49,16,-49,17,-56,13,-57,10,-60,7,-63,5,-63,3,-67,-1,-67,-2,-67,-7,-70,-9,-74,-8,-76,-13,-78,-19,-76,-16,-75,-23,-73,-23,-73,-26,-75,-22,-74,-27,-71,-28,-73,-30,-68,-32,-63,-27,-64,-30,-65,-31,-62,-29,-64,-30,-57,-25,-58,-28,-57,-27,-50,-23,-50,-26,-54,-22,-47,-21,-50,-22,-45,-22,-44,-17,-45,-17,-41,-17,-38,-20,-37,-13,-27,-12,-30,-12,-27,-17,-26,-10,-22,-12,-16,-7,-17,-12,-11,-13,-5,-9,-2,-14,5,-14,4,-13,11,-11,21,-5,24,-8,0,0]"
CSI_DATA,28,1a:00:00:00:00:00,-46,11,1,0,1,1,1,0,0,0,1,-96,0,11,2,602407,0,44,0,384,0,"[0,0,0,0,0,0,0,0,0,0,0,0,0,-9,1,-9,1,-9,1,-9,1,-9,1,-9,2,-9,2,-9,2,-9,2,-9,1,-9,1,-9,0,-9,0,-9,1,-9,0,-9,0,-9,0,-9,-1,-9,0,-9,0,-9,-1,-9,-1,-9,-1,-9,-1,-9,-1,-9,0,0,-2,-9,-2,-9,-2,-8,-2,-9,-2,-8,-1,-8,-2,-8,-1,-8,-2,-8,-2,-8,-2,-7,-2,-7,-2,-8,-1,-7,-1,-8,-2,-7,-1,-7,-1,-7,-1,-7,0,-7,0,-7,0,-6,0,-6,1,-6,1,-5,1,-5,0,0,0,0,0,0,0,0,0,0,0,0,0,0,3,-36,7,-41,3,-41,9,-47,8,-48,10,-50,13,-49,17,-49,13,-44,14,-48,16,-46,16,-46,12,-47,15,-50,12,-48,14,-44,11,-50,10,-47,7,-48,7,-46,8,-48,5,-51,0,-49,2,-47,5,-48,2,-46,-3,-48,-2,-50,-1,-49,-3,-47,-2,-48,-4,-44,-5,-48,-4,-48,-4,-44,-1,-44,-6,-52,-2,-44,-5,-45,-6,-41,-6,-43,-5,-40,-2,-41,-7,-44,-2,-43,-4,-37,-6,-39,-3,-41,-1,-42,-1,-36,0,-35,4,-37,7,-36,8,-33,11,-31,5,-29,11,-29,0,0,0,0,0,0,0,0,0,0,0,0,0,0,0,0,0,0,0,0,0,0,-38,30,-43,30,-48,26,-54,28,-56,26,-60,21,-60,20,-66,19,-67,16,-69,13,-72,12,-77,11,-78,8,-78,6,-81,3,-78,0,-79,-1,-76,-3,-80,-3,-81,-7,-80,-8,-77,-11,-73,-12,-80,-13,-74,-14,-70,-12,-70,-15,-69,-16,-61,-14,-64,-12,-59,-16,-61,-11,-54,-12,-57,-12,-51,-10,-51,-7,-48,-8,-46,-9,-44,-8,-47,-7,-42,-5,-38,-2,-35,-9,-34,-9,-30,-8,-25,-4,-24,-7,-16,-6,-17,-10,-15,-8,-12,-9,-1,-6,-1,-12,6,-10,9,-11,14,-11,20,-7,0,0]"
CSI_DATA,29,1a:00:00:00:00:00,-45,11,1,0,1,1,1,0,0,0,1,-96,0,11,2,645522,0,44,0,384,0,"[0,0,0,0,0,0,0,0,0,0,0,0,-7,-6,-6,-6,-6,-7,-6,-7,-6,-7,-5,-7,-6,-7,-6,-7,-6,-7,-6,-7,-6,-7,-7,-7,-6,-6,-6,-7,-6,-6,-7,-6,-7,-6,-7,-6,-7,-5,-7,-5,-7,-5,-7,-5,-7,-5,-7,-5,-7,-5,-8,-5,0,0,-8,-5,-8,-5,-7,-4,-8,-5,-7,-4,-7,-4,-7,-4,-7,-4,-7,-4,-7,-5,-7,-5,-6,-4,-6,-4,-6,-4,-6,-4,-6,-4,-6,-4,-6,-4,-5,-4,-5,-5,-5,-5,-5,-5,-4,-5,-3,-5,-3,-5,-3,-5,0,0,0,0,0,0,0,0,0,0,0,0,0,0,-32,-22,-34,-22,-36,-22,-36,-25,-35,-27,-31,-32,-35,-35,-31,-35,-33,-38,-32,-34,-30,-35,-33,-34,-33,-30,-35,-36,-31,-36,-34,-29,-39,-33,-38,-33,-30,-27,-37,-28,-37,-25,-40,-27,-37,-21,-39,-29,-41,-21,-42,-24,-44,-21,-40,-21,-40,-24,-42,-18,-43,-20,-42,-16,-43,-19,-40,-17,-46,-18,-37,-19,-40,-21,-40,-18,-39,-19,-44,-15,-46,-17,-40,-14,-35,-19,-35,-16,-35,-15,-37,-15,-32,-11,-33,-17,-35,-17,-40,-17,-32,-22,-29,-23,-26,-17,-26,-26,-20,-22,-24,-24,-17,-26,0,0,0,0,0,0,0,0,0,0,0,0,0,0,0,0,0,0,0,0,0,0,4,52,-1,49,-5,52,-10,55,-13,59,-16,60,-17,60,-21,62,-24,65,-29,67,-33,67,-35,65,-34,67,-35,66,-38,60,-43,71,-42,62,-46,66,-47,56,-51,59,-49,55,-51,56,-53,57,-49,53,-50,53,-51,55,-49,48,-51,50,-50,48,-47,43,-43,46,-44,41,-37,42,-40,37,-39,38,-35,40,-36,41,-31,36,-31,33,-26,34,-28,30,-25,30,-21,25,-26,26,-20,23,-19,18,-19,11,-19,15,-19,12,-19,9,-17,3,-15,-1,-6,-3,-13,-10,-6,-13,-3,-17,2,-17,0,0]"
CSI_DATA,30,1a:00:00:00:00:00,-46,11,1,0,1,1,1,0,0,0,1,-96,0,11,2,654596,0,44,0,384,0,"[0,0,0,0,0,0,0,0,0,0,0,0,5,-6,6,-6,6,-7,6,-6,7,-6,6,-6,6,-6,6,-6,6,-6,6,-6,6,-6,6,-6,6,-6,6,-7,5,-7,5,-7,5,-7,5,-7,4,-7,4,-7,5,-8,4,-8,5,-8,4,-8,4,-8,4,-8,0,0,4,-8,3,-8,3,-8,4,-8,3,-7,3,-8,3,-8,3,-7,3,-7,3,-7,3,-7,3,-7,3,-7,3,-6,3,-6,3,-6,3,-7,3,-6,3,-6,3,-5,3,-6,4,-6,4,-5,4,-4,4,-4,4,-3,0,0,0,0,0,0,0,0,0,0,0,0,0,0,18,-31,15,-37,21,-35,22,-36,28,-38,30,-40,36,-34,30,-40,29,-36,33,-32,30,-37,32,-36,34,-37,30,-36,28,-34,27,-37,28,-40,25,-37,27,-38,23,-37,23,-41,21,-36,20,-38,19,-41,21,-42,22,-46,21,-43,19,-41,16,-45,19,-43,16,-44,17,-41,17,-44,17,-41,16,-40,11,-37,14,-45,11,-38,14,-43,15,-41,11,-42,12,-39,13,-37,9,-36,13,-39,14,-36,15,-36,11,-40,15,-29,13,-34,14,-33,16,-32,14,-28,16,-28,20,-23,19,-22,22,-16,0,0,0,0,0,0,0,0,0,0,0,0,0,0,0,0,0,0,0,0,0,0,-50,6,-54,1,-53,-2,-56,-8,-59,-9,-59,-11,-60,-13,-63,-15,-62,-23,-64,-24,-65,-29,-66,-29,-69,-34,-69,-38,-69,-34,-69,-41,-68,-39,-63,-42,-65,-43,-62,-42,-61,-43,-68,-49,-57,-51,-58,-48,-55,-51,-54,-47,-55,-50,-49,-50,-52,-46,-50,-44,-43,-40,-45,-39,-41,-37,-43,-35,-44,-36,-41,-33,-41,-32,-38,-29,-38,-31,-40,-26,-35,-26,-31,-26,-28,-27,-30,-28,-25,-17,-18,-27,-22,-20,-17,-19,-11,-17,-8,-16,-4,-17,0,-14,4,-13,10,-12,14,-6,17,-2,20,-1,0,0]"
CSI_DATA,31,1a:00:00:00:00:00,-45,11,1,0,1,1,1,0,0,0,1,-96,0,11,2,662702,0,44,0,384,0,"[0,0,0,0,0,0,0,0,0,0,0,0,-8,-1,-8,-1,-9,-1,-9,-2,-9,-2,-9,-2,-9,-2,-9,-2,-8,-2,-9,-2,-8,-2,-9,-2,-8,-1,-8,-1,-8,-1,-9,-1,-8,-1,-8,-1,-8,0,-8,0,-8,0,-9,0,-9,0,-8,1,-9,1,-9,0,0,0,-8,0,-8,1,-8,1,-8,1,-8,1,-8,0,-8,0,-8,1,-7,0,-8,0,-7,0,-7,1,-7,0,-7,0,-7,0,-7,0,-7,0,-6,0,-6,-1,-6,-1,-6,-1,-6,-1,-6,-1,-5,-2,-5,-2,-5,-2,0,0,0,0,0,0,0,0,0,0,0,0,0,0,-39,-2,-39,-1,-43,-8,-41,-1,-45,-5,-47,-8,-47,-12,-49,-14,-44,-16,-43,-8,-47,-13,-45,-10,-44,-13,-45,-8,-45,-9,-47,-6,-48,-6,-48,-7,-48,-7,-48,-8,-44,-3,-47,-3,-47,-1,-45,0,-43,1,-44,2,-47,4,-43,4,-44,7,-47,2,-47,4,-48,4,-43,4,-41,7,-44,6,-42,3,-41,4,-42,8,-40,7,-40,6,-38,5,-40,5,-37,5,-38,6,-38,6,-38,4,-39,5,-37,6,-38,-2,-34,0,-40,-1,-34,0,-35,-1,-32,-6,-28,-4,-29,-10,-28,-14,0,0,0,0,0,0,0,0,0,0,0,0,0,0,0,0,0,0,0,0,0,0,29,39,27,44,24,48,22,53,18,51,19,61,17,60,16,67,11,67,12,64,5,68,7,74,3,73,2,71,2,78,-4,72,-6,80,-5,73,-9,75,-10,71,-11,71,-11,74,-14,72,-12,72,-14,71,-14,70,-15,69,-17,67,-21,62,-16,59,-17,59,-12,61,-15,53,-13,52,-14,52,-9,49,-8,47,-11,47,-7,45,-10,42,-12,44,-8,34,-11,37,-9,30,-9,30,-10,30,-8,29,-9,18,-6,17,-12,12,-6,12,-14,8,-17,0,-11,-4,-8,-10,-11,-15,-12,-15,0,0]"
CSI_DATA,32,1a:00:00:00:00:00,-45,11,1,0,1,1,1,0,0,0,1,-96,0,11,2,672424,0,44,0,384,0,"[0,0,0,0,0,0,0,0,0,0,0,0,0,7,1,7,0,8,0,8,0,8,0,7,0,8,0,8,0,7,0,8,0,7,0,8,0,7,0,8,0,7,1,7,1,7,1,7,1,7,1,7,2,7,2,7,2,7,2,7,2,7,2,7,0,0,2,7,2,7,2,7,2,7,2,6,2,6,2,6,2,6,2,6,2,6,2,6,2,6,1,6,2,5,2,6,2,5,1,5,1,5,1,5,1,5,0,5,0,5,0,5,-1,5,-1,4,-1,4,0,0,0,0,0,0,0,0,0,0,0,0,0,0,13,32,10,38,8,41,6,48,4,41,4,48,5,48,3,48,-2,47,1,47,-2,51,2,48,2,51,3,45,3,46,3,49,6,45,5,51,4,46,5,42,10,46,11,44,10,41,14,47,11,41,12,44,13,43,16,43,16,44,16,40,19,44,21,43,13,39,19,43,20,42,14,42,17,39,20,42,16,40,18,37,18,35,18,32,18,38,16,36,18,33,17,32,15,35,16,35,14,32,10,34,10,32,6,31,5,34,5,31,0,32,-3,30,-4,29,0,0,0,0,0,0,0,0,0,0,0,0,0,0,0,0,0,0,0,0,0,0,31,-41,37,-40,37,-40,43,-40,50,-38,50,-36,52,-34,57,-34,64,-33,60,-29,70,-30,68,-26,70,-28,76,-23,77,-21,75,-20,75,-17,75,-17,77,-16,77,-14,73,-16,78,-13,76,-10,69,-7,74,-7,73,-3,69,-5,75,-6,65,-2,66,0,60,-4,62,-5,56,-4,60,-7,53,-5,51,-9,48,-3,47,-4,43,-5,47,-5,41,-2,38,-3,37,0,36,-2,32,0,34,0,28,3,25,-1,20,4,17,6,12,13,8,8,9,11,-2,11,-6,16,-8,11,-14,16,0,0]"
CSI_DATA,33,1a:00:00:00:00:00,-45,11,1,0,1,1,1,0,0,0,1,-96,0,11,2,683845,0,44,0,384,0,"[0,0,0,0,0,0,0,0,0,0,0,0,-7,5,-7,5,-7,5,-8,5,-8,4,-8,4,-8,4,-8,4,-8,4,-8,5,-7,4,-7,5,-7,5,-7,5,-7,5,-7,5,-7,5,-6,5,-6,6,-6,6,-6,6,-6,6,-5,6,-6,6,-6,6,-5,6,0,0,-5,6,-5,6,-5,6,-5,6,-5,6,-5,6,-4,6,-5,6,-5,5,-4,5,-4,6,-4,5,-4,5,-4,5,-4,5,-4,5,-4,5,-4,4,-5,5,-5,4,-5,4,-5,4,-5,3,-5,3,-5,2,-5,2,0,0,0,0,0,0,0,0,0,0,0,0,0,0,-26,29,-28,27,-28,33,-34,25,-38,28,-37,27,-39,25,-42,26,-44,22,-43,23,-44,22,-44,21,-44,22,-41,23,-41,22,-39,29,-38,30,-32,28,-34,28,-35,32,-35,32,-37,32,-30,31,-31,30,-32,31,-32,35,-31,36,-27,38,-32,35,-31,35,-28,40,-28,36,-21,38,-24,32,-26,36,-27,37,-25,37,-24,37,-25,35,-25,31,-25,35,-21,31,-23,32,-23,34,-21,31,-27,29,-24,32,-23,32,-28,25,-21,24,-28,26,-27,21,-28,23,-27,21,-25,19,-25,15,-28,14,0,0,0,0,0,0,0,0,0,0,0,0,0,0,0,0,0,0,0,0,0,0,49,11,53,14,55,19,55,20,54,28,52,29,51,36,56,39,54,43,55,43,53,46,57,49,61,52,56,54,51,58,47,59,49,62,47,66,51,65,44,62,40,61,42,67,41,60,43,59,41,61,37,59,36,60,33,59,34,56,28,54,27,52,29,52,28,50,25,47,26,46,26,42,24,42,25,38,29,34,26,32,24,33,21,35,20,32,17,32,17,26,9,30,8,28,5,21,5,21,4,12,-1,13,-9,12,-12,10,-12,9,-15,2,-19,-2,-24,-5,0,0]"
CSI_DATA,34,1a:00:00:00:00:00,-46,11,1,0,1,1,1,0,0,0,1,-96,0,11,2,692555,0,44,0,384,0,"[0,0,0,0,0,0,0,0,0,0,0,0,-3,7,-3,7,-3,8,-3,8,-4,7,-4,7,-4,7,-4,7,-4,7,-4,7,-4,8,-4,8,-4,8,-3,7,-3,7,-2,7,-2,7,-2,7,-2,8,-2,7,-2,8,-2,8,-1,7,-1,8,-1,8,-1,8,0,0,-1,7,-1,8,-1,8,-1,7,-1,7,-1,7,-1,7,-1,7,-1,7,-1,7,0,6,-1,6,-1,6,-1,6,-1,6,-1,6,-1,6,-1,6,-1,6,-2,6,-2,5,-2,5,-3,5,-2,4,-3,4,-3,4,0,0,0,0,0,0,0,0,0,0,0,0,0,0,-4,37,-13,37,-10,39,-11,42,-14,42,-15,42,-19,45,-22,47,-23,46,-25,44,-25,43,-24,43,-24,42,-24,45,-18,42,-18,44,-18,43,-15,46,-15,42,-10,40,-13,46,-12,41,-12,45,-11,45,-11,45,-7,46,-8,45,-5,46,-4,46,-2,44,-4,42,-3,44,0,42,-2,46,-3,42,-4,40,-3,40,-4,43,-2,41,-4,41,-1,40,0,41,4,41,-4,39,-4,38,0,38,-2,38,-4,39,-7,34,-8,35,-9,30,-8,34,-12,29,-13,34,-12,25,-15,25,-16,23,0,0,0,0,0,0,0,0,0,0,0,0,0,0,0,0,0,0,0,0,0,0,46,-19,51,-17,54,-12,59,-13,56,-7,63,-8,66,2,64,4,66,5,68,9,71,9,74,13,76,11,74,16,74,21,71,18,73,25,70,28,71,25,70,28,73,27,67,32,66,30,65,32,67,34,62,28,65,33,63,28,54,32,59,31,54,28,53,27,50,27,48,25,45,22,44,22,46,21,42,17,44,17,39,19,39,17,34,15,32,19,27,16,28,14,23,16,20,20,18,13,12,16,10,11,4,13,1,14,-6,12,-10,13,-13,7,-19,11,-20,6,0,0]"
CSI_DATA,35,1a:00:00:00:00:00,-45,11,1,0,1,1,1,0,0,0,1,-96,0,11,2,705435,0,44,0,384,0,"[0,0,0,0,0,0,0,0,0,0,0,0,7,-3,7,-3,8,-3,8,-2,8,-2,8,-2,8,-2,8,-2,8,-2,8,-3,7,-2,8,-3,7,-3,7,-3,7,-3,7,-3,6,-3,7,-4,7,-4,6,-4,6,-4,6,-4,6,-4,6,-5,6,-4,6,-5,0,0,6,-5,6,-5,6,-5,6,-5,6,-5,6,-5,5,-5,5,-5,5,-5,5,-5,5,-4,5,-4,4,-4,5,-4,5,-4,5,-4,5,-4,5,-4,5,-4,5,-3,5,-3,5,-2,5,-2,5,-2,4,-1,4,-1,0,0,0,0,0,0,0,0,0,0,0,0,0,0,40,-14,40,-10,43,-8,49,-12,47,-9,52,-6,52,-7,48,3,51,-3,50,0,48,0,49,1,52,-3,43,0,50,2,47,-4,49,-6,48,-7,47,-11,45,-9,46,-10,41,-12,45,-14,46,-15,37,-14,46,-18,41,-17,44,-18,41,-15,41,-20,43,-20,43,-21,37,-21,41,-22,38,-21,39,-21,38,-20,38,-22,37,-14,41,-16,38,-17,34,-19,38,-17,37,-17,36,-18,32,-18,35,-16,34,-19,34,-14,32,-11,33,-12,32,-7,32,-11,31,-2,31,-5,33,-4,30,6,0,0,0,0,0,0,0,0,0,0,0,0,0,0,0,0,0,0,0,0,0,0,-33,-28,-45,-63,-35,-56,-54,-39,-4,-68,-7,-39,-24,-55,-27,-77,2,-64,-16,-63,-10,-76,-10,-97,-12,-61,-24,-102,-22,-68,-13,-84,-31,-72,8,-75,-4,-83,-1,-82,0,-82,0,-86,12,-84,-7,-85,5,-73,-3,-79,9,-78,-3,-76,1,-73,4,-45,0,-57,-24,-51,32,-61,-37,-32,-5,-63,1,-67,-9,-22,-30,-54,-6,-34,-4,-43,-7,-37,-1,-43,-2,-38,3,-31,2,-33,1,-23,3,-25,-2,-21,10,-22,-1,-12,-14,-8,39,-12,26,-3,-8,1,17,6,14,15,13,18,0,0]"
CSI_DATA,36,1a:00:00:00:00:00,-45,11,1,0,1,1,1,0,0,0,1,-96,0,11,2,712436,0,44,0,384,0,"[0,0,0,0,0,0,0,0,0,0,0,0,-8,4,-8,4,-9,4,-9,3,-9,3,-9,3,-9,3,-9,3,-8,3,-8,4,-8,3,-9,4,-8,4,-7,4,-8,4,-8,4,-7,4,-7,4,-7,5,-7,5,-7,5,-7,5,-7,5,-6,6,-6,5,-6,5,0,0,-6,5,-6,6,-6,6,-6,6,-5,5,-6,6,-5,5,-5,5,-5,5,-5,5,-5,5,-5,5,-5,5,-5,5,-5,4,-5,4,-5,4,-5,4,-5,4,-5,4,-5,3,-5,3,-5,3,-6,2,-5,2,-5,1,0,0,0,0,0,0,0,0,0,0,0,0,0,0,-22,26,-30,28,-31,30,-28,31,-35,30,-41,29,-41,26,-45,28,-41,25,-47,27,-48,25,-42,22,-39,26,-39,27,-40,28,-39,27,-39,32,-39,28,-37,27,-36,31,-34,35,-32,31,-33,32,-29,31,-30,35,-31,35,-25,33,-29,37,-28,37,-27,38,-28,39,-26,42,-22,34,-25,36,-21,38,-27,33,-26,40,-23,40,-25,38,-27,31,-23,36,-21,32,-22,34,-22,30,-20,36,-25,32,-24,31,-19,30,-20,29,-21,23,-22,21,-23,22,-21,25,-22,21,-25,16,-26,17,-26,13,0,0,0,0,0,0,0,0,0,0,0,0,0,0,0,0,0,0,0,0,0,0,51,10,54,9,53,14,57,20,57,22,57,29,54,29,60,33,58,37,55,39,60,45,56,48,59,48,59,52,54,55,49,58,57,60,49,56,53,57,47,61,47,60,47,62,44,61,40,57,36,63,40,60,36,59,35,59,35,53,33,52,29,52,31,51,28,47,28,42,31,45,30,41,27,34,32,38,27,34,26,35,26,32,23,28,15,27,15,24,14,27,15,20,8,21,6,21,7,17,0,15,2,16,-5,9,-11,7,-8,-1,-21,-5,-19,-2,-27,-9,0,0]"
CSI_DATA,37,1a:00:00:00:00:00,-46,11,1,0,1,1,1,0,0,0,1,-96,0,11,2,742408,0,44,0,384,0,"[0,0,0,0,0,0,0,0,0,0,0,0,-7,-9,-4,-7,-5,-9,-4,-8,-4,-7,-4,-8,-4,-9,-3,-9,-5,-9,-4,-8,-4,-8,-4,-8,-5,-8,-6,-8,-5,-8,-5,-8,-6,-8,-6,-7,-5,-7,-6,-7,-6,-6,-6,-6,-7,-7,-6,-6,-6,-6,-7,-6,0,0,-7,-6,-7,-6,-6,-5,-7,-5,-6,-5,-6,-5,-7,-5,-6,-5,-7,-5,-7,-5,-6,-5,-6,-5,-6,-5,-6,-4,-6,-4,-6,-5,-6,-4,-6,-5,-5,-5,-5,-5,-5,-5,-4,-5,-4,-5,-4,-5,-3,-5,-3,-5,0,0,0,0,0,0,0,0,0,0,0,0,0,0,-11,-36,-27,-30,-28,-30,-20,-27,-31,-36,-25,-44,-37,-33,-23,-57,-21,-40,-18,-48,-36,-39,-19,-55,-25,-47,-28,-50,-27,-41,-23,-39,-27,-47,-29,-39,-30,-34,-24,-32,-35,-32,-32,-33,-36,-34,-30,-30,-36,-30,-33,-35,-34,-26,-39,-28,-40,-28,-38,-29,-37,-25,-40,-26,-36,-25,-36,-27,-38,-17,-36,-24,-35,-26,-36,-21,-37,-23,-37,-17,-38,-19,-39,-20,-34,-18,-32,-20,-36,-17,-34,-23,-36,-17,-31,-15,-29,-20,-31,-17,-28,-19,-29,-23,-28,-19,-24,-22,-20,-22,-18,-23,-17,-26,0,0,0,0,0,0,0,0,0,0,0,0,0,0,0,0,0,0,0,0,0,0,-15,42,-26,44,-28,47,-34,50,-35,49,-38,45,-42,48,-46,45,-46,44,-51,46,-59,44,-58,39,-60,46,-61,41,-61,43,-69,41,-64,39,-66,38,-70,40,-67,39,-65,33,-70,35,-68,28,-70,32,-68,28,-63,28,-60,28,-63,28,-57,21,-55,27,-58,24,-51,21,-48,18,-42,28,-41,31,-36,22,-46,24,-37,18,-27,25,-33,19,-38,14,-31,15,-35,20,-25,3,-15,13,-12,19,-35,18,-10,16,-19,16,-23,-4,2,6,-14,-5,-16,-8,1,-33,4,-9,14,-17,-9,-23,0,0]"
CSI_DATA,38,1a:00:00:00:00:00,-46,11,1,0,1,1,1,0,0,0,1,-96,0,11,2,752620,0,44,0,384,0,"[0,0,0,0,0,0,0,0,0,0,0,0,-2,8,-2,8,-2,9,-3,9,-3,9,-4,9,-3,9,-3,9,-3,9,-3,8,-3,8,-3,8,-3,9,-3,8,-3,8,-2,8,-2,8,-2,8,-1,8,-2,8,-1,8,-1,8,-1,8,-1,8,-1,8,0,8,0,0,0,8,0,8,0,8,0,8,0,8,0,8,0,7,0,7,0,7,0,7,0,7,0,7,0,6,-1,7,0,6,-1,6,-1,6,-1,6,-1,6,-1,6,-2,6,-2,5,-2,5,-2,5,-3,4,-3,4,0,0,0,0,0,0,0,0,0,0,0,0,0,0,8,41,5,42,3,43,-2,46,-2,46,-8,49,-9,47,-8,49,-6,46,-7,51,-7,49,-5,46,-9,51,-9,45,-7,46,-7,48,-6,46,-3,48,-3,45,-1,42,-2,47,4,42,4,46,7,45,4,39,7,45,9,41,5,46,4,46,9,41,7,41,12,47,13,41,13,44,7,42,10,43,13,43,11,35,12,37,8,39,12,34,9,44,7,36,8,39,7,39,6,39,10,33,9,36,3,39,2,33,-1,35,1,32,-1,31,-3,32,-7,27,-8,28,-11,28,0,0,0,0,0,0,0,0,0,0,0,0,0,0,0,0,0,0,0,0,0,0,25,-40,30,-44,36,-44,42,-42,46,-40,46,-42,50,-37,52,-36,54,-37,57,-34,62,-31,62,-32,65,-29,70,-24,69,-25,71,-22,74,-18,70,-16,71,-18,78,-18,76,-20,77,-15,69,-15,72,-10,70,-9,68,-7,65,-4,66,-7,60,-3,70,-7,58,-5,57,-9,56,-7,55,-9,53,-5,48,-5,45,-8,47,-10,45,-3,45,-9,44,-6,34,-2,36,-6,33,-1,30,-2,21,-2,23,0,21,0,17,-3,15,7,10,9,7,7,3,10,-5,14,-12,12,-16,13,-16,12,0,0]"
CSI_DATA,39,1a:00:00:00:00:00,-46,11,1,0,1,1,1,0,0,0,1,-96,0,11,2,762527,0,44,0,384,0,"[0,0,0,0,0,0,0,0,0,0,0,0,-4,-9,-3,-9,-4,-9,-3,-9,-3,-9,-3,-9,-3,-10,-3,-9,-2,-9,-3,-9,-3,-9,-3,-9,-3,-9,-3,-8,-3,-8,-4,-8,-4,-8,-4,-8,-4,-8,-4,-8,-4,-8,-4,-8,-5,-7,-5,-8,-4,-7,-5,-8,0,0,-5,-7,-5,-7,-5,-7,-5,-7,-5,-7,-5,-7,-5,-7,-4,-6,-5,-7,-5,-7,-5,-6,-4,-6,-4,-6,-4,-6,-4,-6,-5,-6,-4,-6,-4,-6,-3,-6,-3,-6,-3,-6,-3,-6,-2,-6,-2,-6,-1,-6,-1,-6,0,0,0,0,0,0,0,0,0,0,0,0,0,0,-20,-36,-18,-34,-26,-39,-15,-42,-16,-45,-14,-48,-10,-49,-13,-48,-11,-45,-11,-51,-11,-49,-13,-46,-9,-47,-12,-46,-13,-48,-18,-48,-14,-45,-18,-44,-19,-42,-16,-43,-18,-44,-20,-42,-24,-40,-20,-39,-24,-42,-26,-38,-21,-39,-26,-37,-23,-38,-25,-35,-30,-34,-29,-37,-25,-36,-29,-36,-24,-36,-26,-34,-28,-34,-28,-36,-25,-36,-28,-37,-25,-35,-24,-31,-26,-36,-25,-31,-24,-33,-24,-29,-20,-33,-23,-34,-17,-32,-17,-31,-16,-31,-15,-32,-14,-28,-14,-31,-6,-30,-7,-29,-2,-34,0,0,0,0,0,0,0,0,0,0,0,0,0,0,0,0,0,0,0,0,0,0,-13,48,-15,48,-20,47,-26,52,-31,48,-35,51,-33,49,-37,53,-44,51,-45,51,-49,53,-51,50,-56,52,-60,50,-63,46,-57,43,-65,45,-62,42,-63,42,-65,39,-67,41,-72,34,-66,34,-66,32,-67,31,-65,29,-64,33,-60,30,-59,25,-58,23,-52,22,-56,27,-54,20,-47,21,-49,21,-41,21,-43,22,-39,21,-44,19,-38,22,-38,22,-34,18,-31,15,-30,12,-32,10,-27,13,-27,7,-21,5,-20,4,-15,0,-12,-7,-13,-6,-3,-14,-3,-13,-1,-13,12,-15,14,-22,0,0]"
CSI_DATA,40,1a:00:00:00:00:00,-46,11,1,0,1,1,1,0,0,0,1,-96,0,11,2,782904,0,44,0,384,0,"[0,0,0,0,0,0,0,0,0,0,0,0,-3,-9,-3,-8,-3,-9,-2,-9,-3,-10,-2,-9,-3,-9,-3,-9,-2,-9,-2,-9,-2,-9,-3,-8,-3,-9,-3,-8,-3,-8,-4,-8,-4,-8,-4,-8,-4,-7,-5,-8,-4,-8,-5,-7,-5,-7,-4,-8,-5,-8,-5,-7,0,0,-5,-7,-5,-7,-5,-7,-6,-7,-5,-7,-5,-7,-5,-7,-5,-6,-5,-6,-5,-7,-5,-6,-5,-7,-4,-6,-4,-6,-5,-6,-4,-6,-4,-6,-4,-6,-4,-6,-4,-6,-3,-6,-3,-6,-2,-6,-2,-6,-2,-6,-1,-5,0,0,0,0,0,0,0,0,0,0,0,0,0,0,-16,-31,-22,-35,-17,-37,-17,-46,-10,-44,-14,-42,-8,-46,-9,-52,-8,-51,-13,-46,-10,-46,-9,-47,-11,-50,-11,-51,-12,-46,-13,-46,-14,-46,-14,-43,-15,-47,-19,-43,-20,-40,-19,-40,-19,-38,-21,-40,-20,-38,-23,-38,-21,-38,-24,-40,-19,-37,-25,-34,-28,-38,-29,-40,-26,-37,-26,-41,-28,-35,-22,-36,-24,-37,-27,-39,-24,-37,-27,-34,-29,-35,-21,-32,-27,-34,-22,-33,-22,-36,-21,-33,-26,-30,-22,-31,-19,-32,-21,-36,-19,-32,-10,-34,-12,-31,-12,-34,-5,-31,-2,-30,2,-32,0,0,0,0,0,0,0,0,0,0,0,0,0,0,0,0,0,0,0,0,0,0,-22,45,-14,44,-24,43,-21,46,-34,54,-45,42,-35,60,-48,49,-57,52,-47,38,-56,41,-63,38,-73,38,-56,46,-60,28,-67,40,-63,28,-51,31,-76,34,-61,32,-65,22,-66,22,-66,38,-70,26,-64,23,-65,20,-66,24,-61,19,-65,21,-57,21,-54,18,-52,17,-54,15,-53,18,-47,15,-46,16,-41,15,-43,15,-41,17,-42,19,-38,17,-35,15,-30,9,-33,11,-24,7,-27,4,-22,5,-20,6,-20,0,-12,-2,-12,-6,-6,-5,-6,-9,1,-8,-2,-12,9,-20,12,-17,0,0]"
CSI_DATA,41,1a:00:00:00:00:00,-46,11,1,0,1,1,1,0,0,0,1,-96,0,11,2,792682,0,44,0,384,0,"[0,0,0,0,0,0,0,0,0,0,0,0,-4,-7,-4,-8,-4,-8,-4,-8,-4,-8,-4,-9,-4,-9,-4,-8,-4,-8,-4,-8,-4,-8,-4,-8,-4,-8,-4,-7,-4,-7,-4,-8,-5,-7,-5,-7,-5,-7,-5,-7,-5,-7,-5,-7,-6,-6,-6,-6,-6,-6,-6,-6,0,0,-6,-6,-6,-6,-6,-6,-6,-6,-6,-6,-6,-6,-6,-6,-6,-6,-5,-6,-5,-5,-6,-6,-6,-5,-5,-5,-5,-6,-5,-5,-5,-6,-4,-5,-4,-6,-4,-6,-4,-6,-3,-6,-3,-6,-3,-6,-3,-6,-2,-6,-2,-5,0,0,0,0,0,0,0,0,0,0,0,0,0,0,-20,-36,-19,-33,-24,-39,-19,-43,-18,-42,-16,-46,-16,-42,-17,-52,-13,-47,-18,-50,-15,-46,-18,-49,-18,-47,-16,-48,-18,-44,-21,-41,-17,-46,-21,-40,-17,-43,-21,-39,-22,-43,-23,-41,-25,-41,-28,-40,-24,-40,-23,-40,-31,-38,-27,-36,-35,-34,-31,-35,-32,-34,-36,-36,-29,-35,-31,-40,-32,-31,-24,-37,-31,-35,-29,-37,-29,-35,-29,-32,-32,-32,-30,-32,-26,-32,-27,-33,-24,-35,-25,-34,-27,-35,-23,-34,-21,-35,-20,-31,-18,-34,-19,-35,-15,-32,-10,-32,-12,-31,-12,-30,-2,-31,0,0,0,0,0,0,0,0,0,0,0,0,0,0,0,0,0,0,0,0,0,0,-11,49,-16,50,-21,51,-26,55,-31,51,-31,53,-38,55,-37,57,-45,55,-44,54,-51,55,-49,51,-53,54,-54,49,-60,47,-60,46,-65,49,-61,45,-67,44,-69,41,-66,43,-69,39,-62,39,-64,35,-68,34,-64,35,-61,33,-60,31,-60,24,-59,28,-54,27,-54,27,-53,25,-50,23,-47,19,-48,26,-45,20,-39,24,-38,22,-35,23,-34,16,-37,19,-33,17,-26,14,-25,10,-31,15,-23,10,-24,9,-16,6,-13,0,-18,-5,-12,-5,-4,-9,-5,-14,-1,-14,11,-20,12,-19,0,0]"
CSI_DATA,42,1a:00:00:00:00:00,-46,11,1,0,1,1,1,0,0,0,1,-96,0,11,2,802689,0,44,0,384,0,"[0,0,0,0,0,0,0,0,0,0,0,0,-9,0,-9,0,-10,-1,-10,-1,-10,-2,-10,-2,-10,-1,-9,-1,-10,-1,-9,-1,-10,-1,-10,-1,-9,-1,-9,0,-9,0,-9,0,-9,1,-9,1,-9,1,-9,1,-9,1,-9,1,-9,1,-9,2,-9,1,-10,2,0,0,-9,2,-9,2,-9,2,-9,2,-9,2,-9,2,-8,2,-8,2,-8,1,-8,1,-8,1,-8,1,-8,1,-8,1,-7,1,-7,1,-8,1,-7,1,-7,0,-7,0,-7,0,-7,-1,-7,-1,-6,-1,-6,-2,-6,-2,0,0,0,0,0,0,0,0,0,0,0,0,0,0,-38,10,-41,4,-43,4,-42,3,-48,5,-52,-2,-54,-4,-53,-2,-45,-6,-50,-8,-51,-5,-50,-2,-50,-5,-48,-2,-49,-1,-48,2,-52,-3,-41,-1,-42,-1,-45,4,-50,8,-47,5,-46,4,-45,10,-45,8,-45,9,-48,10,-47,13,-45,14,-46,16,-45,14,-46,8,-45,10,-44,12,-49,13,-43,11,-42,12,-42,13,-43,13,-41,11,-42,10,-40,15,-42,16,-38,10,-37,10,-42,4,-39,9,-36,7,-42,2,-38,1,-34,4,-36,-1,-33,3,-36,-6,-31,-4,-31,-7,-27,-7,0,0,0,0,0,0,0,0,0,0,0,0,0,0,0,0,0,0,0,0,0,0,44,23,44,32,43,34,42,38,41,44,44,44,44,50,35,56,38,55,35,61,36,64,32,66,30,65,29,70,28,67,26,72,23,74,20,75,22,75,19,72,19,71,15,75,11,74,15,72,7,70,11,72,8,67,8,68,9,62,5,61,8,59,8,58,8,58,9,54,6,52,8,52,10,50,10,47,11,40,9,41,4,38,6,38,5,37,3,30,1,32,5,32,3,23,-3,21,-1,20,-4,14,-3,9,-9,7,-8,3,-14,-2,-9,-6,-17,-16,-14,-21,0,0]"
CSI_DATA,43,1a:00:00:00:00:00,-46,11,1,0,1,1,1,0,0,0,1,-96,0,11,2,822411,0,44,0,384,0,"[0,0,0,0,0,0,0,0,0,0,0,0,7,2,8,2,7,2,8,3,8,3,8,3,7,3,7,3,8,3,7,2,8,3,7,2,8,2,8,2,8,2,8,2,8,1,8,1,8,1,8,0,7,0,8,0,8,0,8,-1,8,0,8,0,0,0,8,-1,8,-1,8,-1,7,-1,7,-1,7,-1,7,-1,7,-1,7,0,7,0,7,0,6,0,6,-1,6,-1,6,0,6,-1,6,-1,6,0,6,0,6,0,6,0,5,1,5,1,5,1,4,2,4,2,0,0,0,0,0,0,0,0,0,0,0,0,0,0,31,17,38,18,35,16,37,24,39,24,37,24,37,29,36,30,37,30,35,26,36,31,37,27,39,34,34,30,31,27,35,26,37,26,36,23,38,23,37,21,40,26,40,16,39,19,38,17,38,17,38,16,44,16,41,16,38,15,45,12,43,12,47,14,40,12,42,11,43,17,37,8,37,11,40,10,37,6,40,10,38,8,38,10,35,7,34,4,35,9,36,8,32,9,30,10,35,10,33,11,35,13,33,10,30,14,23,15,25,18,21,21,19,21,0,0,0,0,0,0,0,0,0,0,0,0,0,0,0,0,0,0,0,0,0,0,-10,-47,-6,-52,-3,-56,-3,-57,5,-57,5,-58,7,-64,10,-61,13,-67,17,-69,23,-60,24,-70,24,-72,31,-60,20,-75,40,-69,40,-82,26,-78,28,-70,41,-46,33,-48,45,-70,32,-56,60,-66,46,-60,42,-60,47,-53,34,-58,50,-47,63,-68,34,-51,42,-46,12,-65,22,-60,29,-34,24,-64,7,-51,15,-37,19,-28,14,-50,24,-36,16,-37,17,-22,21,-26,18,-26,15,-29,17,-28,15,-13,9,-11,9,-9,9,-4,12,0,15,3,3,7,7,8,3,15,-1,19,0,0]"
CSI_DATA,44,1a:00:00:00:00:00,-46,11,1,0,1,1,1,0,0,0,1,-96,0,11,2,833212,0,44,0,384,0,"[0,0,0,0,0,0,0,0,0,0,0,0,5,-7,6,-6,6,-7,6,-6,6,-6,6,-6,6,-6,7,-6,7,-6,6,-6,6,-6,6,-6,6,-7,5,-7,5,-6,5,-7,5,-7,5,-7,5,-7,5,-7,5,-7,5,-7,5,-7,4,-8,4,-8,4,-7,0,0,4,-8,4,-8,3,-8,4,-8,4,-8,4,-7,4,-7,3,-7,4,-7,3,-7,3,-6,3,-7,4,-6,3,-6,3,-6,3,-6,3,-6,3,-5,3,-6,4,-5,4,-5,4,-5,4,-4,4,-3,4,-3,4,-3,0,0,0,0,0,0,0,0,0,0,0,0,0,0,20,-30,22,-36,21,-29,27,-32,37,-32,32,-28,32,-30,36,-33,41,-29,37,-34,37,-27,40,-29,37,-31,41,-27,33,-30,37,-31,37,-32,29,-32,31,-31,35,-37,32,-38,27,-37,27,-36,29,-39,28,-36,23,-37,23,-40,25,-41,23,-37,25,-37,24,-38,23,-39,21,-44,20,-37,23,-39,20,-35,21,-37,21,-33,16,-38,16,-34,23,-37,15,-37,18,-35,18,-36,19,-33,19,-32,20,-35,19,-31,17,-31,23,-28,23,-26,24,-30,18,-25,21,-25,20,-19,25,-18,26,-14,0,0,0,0,0,0,0,0,0,0,0,0,0,0,0,0,0,0,0,0,0,0,-47,7,-52,2,-58,-1,-56,-2,-64,-11,-62,-9,-63,-10,-68,-17,-66,-19,-68,-27,-66,-32,-64,-34,-66,-35,-65,-36,-62,-37,-64,-41,-65,-41,-69,-47,-61,-43,-60,-42,-57,-43,-63,-50,-63,-51,-56,-52,-53,-57,-53,-51,-51,-47,-46,-46,-51,-47,-46,-41,-46,-45,-42,-41,-42,-42,-40,-38,-36,-36,-42,-34,-36,-33,-32,-31,-36,-30,-32,-28,-35,-27,-31,-28,-26,-26,-28,-25,-25,-24,-16,-21,-14,-17,-19,-21,-13,-21,-9,-16,-4,-16,-3,-13,5,-7,8,-3,14,0,15,6,24,7,0,0]"
CSI_DATA,45,1a:00:00:00:00:00,-46,11,1,0,1,1,1,0,0,0,1,-96,0,11,2,843336,0,44,0,384,0,"[0,0,0,0,0,0,0,0,0,0,0,0,4,6,4,7,4,7,4,7,4,7,3,8,3,7,3,7,3,7,3,6,3,7,4,7,4,7,4,6,4,6,4,6,5,6,4,5,5,6,4,6,5,5,5,6,5,5,5,5,5,5,6,5,0,0,6,5,5,5,5,5,5,5,5,4,5,4,5,4,5,4,5,4,5,4,5,4,5,4,5,3,4,4,4,4,4,4,4,4,4,4,3,4,3,4,3,4,3,4,2,4,2,4,2,4,1,4,0,0,0,0,0,0,0,0,0,0,0,0,0,0,21,34,19,28,20,42,18,40,16,40,18,49,16,46,13,49,12,46,14,51,12,48,16,46,14,47,12,45,12,45,14,45,19,45,16,43,16,42,13,42,24,44,19,41,20,39,20,40,20,38,19,41,23,36,21,39,24,39,30,40,25,37,27,40,30,38,23,36,22,33,23,37,20,41,22,34,23,34,27,36,22,33,24,32,21,33,21,36,21,33,20,30,19,30,21,33,19,30,17,32,14,31,13,30,11,35,7,28,9,30,5,28,2,31,0,0,0,0,0,0,0,0,0,0,0,0,0,0,0,0,0,0,0,0,0,0,7,-51,11,-51,16,-50,23,-58,26,-54,33,-57,30,-57,38,-59,39,-59,42,-55,46,-60,49,-58,53,-59,62,-59,60,-61,57,-49,59,-55,60,-48,62,-49,62,-44,66,-42,68,-42,62,-42,65,-41,66,-34,67,-38,62,-35,62,-38,56,-30,59,-29,49,-27,54,-31,52,-25,48,-22,50,-24,45,-25,43,-26,42,-20,39,-25,41,-19,39,-19,32,-21,34,-17,30,-16,28,-12,22,-15,22,-8,18,-4,14,-6,18,-2,12,1,10,6,4,8,2,11,-4,16,-9,14,-13,16,0,0]"
CSI_DATA,46,1a:00:00:00:00:00,-46,11,1,0,1,1,1,0,0,0,1,-96,0,11,2,853143,0,44,0,384,0,"[0,0,0,0,0,0,0,0,0,0,0,0,0,7,-1,8,-1,8,-1,8,-1,8,-2,8,-1,8,-1,8,-1,8,-1,8,-1,8,-1,7,-1,7,-1,8,0,7,0,7,1,8,0,7,0,7,0,7,0,7,1,7,1,7,1,7,1,7,2,7,0,0,2,7,1,7,1,6,2,6,1,7,2,6,1,6,1,6,1,6,2,6,2,6,1,6,1,6,1,6,1,6,1,6,1,5,1,6,1,5,0,5,0,5,-1,5,-1,5,-1,5,-1,4,-2,4,0,0,0,0,0,0,0,0,0,0,0,0,0,0,-1,32,-4,38,-11,36,-10,46,-15,37,-13,42,-18,43,-18,45,-18,42,-18,46,-20,43,-19,46,-21,43,-21,40,-19,40,-13,39,-16,48,-15,43,-12,44,-8,40,-12,45,-11,41,-6,45,-8,45,-6,45,-9,46,-7,39,-7,45,-5,46,-2,43,-3,43,-2,45,-4,45,-5,44,-2,43,-7,43,-1,43,-3,43,-1,42,3,37,-2,38,-5,38,-1,40,-2,37,-6,36,-1,38,-3,39,-8,38,-5,32,-4,34,-4,33,-11,32,-10,31,-9,29,-9,31,-16,28,-15,25,0,0,0,0,0,0,0,0,0,0,0,0,0,0,0,0,0,0,0,0,0,0,40,-32,44,-31,45,-26,51,-26,52,-23,57,-22,59,-18,61,-18,65,-12,61,-14,69,-14,73,-9,72,-7,76,-7,75,-3,74,4,78,3,76,5,77,5,81,8,73,9,73,15,71,10,71,12,69,16,69,14,66,13,64,16,63,14,61,15,57,12,56,13,55,13,54,9,49,14,44,10,44,6,43,8,44,9,42,8,40,9,33,5,34,6,33,9,28,3,24,6,24,6,18,6,16,9,11,6,8,10,4,9,-3,10,-7,6,-10,8,-16,6,-15,6,0,0]"
CSI_DATA,47,1a:00:00:00:00:00,-46,11,1,0,1,1,1,0,0,0,1,-96,0,11,2,862851,0,44,0,384,0,"[0,0,0,0,0,0,0,0,0,0,0,0,9,-2,8,-2,9,-2,8,-1,9,-1,9,-1,9,-1,9,-1,8,-1,9,-1,9,-1,8,-2,9,-2,8,-2,8,-2,8,-3,8,-3,8,-3,7,-4,7,-3,7,-3,7,-4,7,-4,7,-4,7,-4,7,-4,0,0,7,-4,7,-5,7,-5,7,-5,7,-5,7,-5,7,-5,6,-4,6,-4,6,-4,6,-4,6,-4,6,-4,6,-4,6,-4,6,-3,6,-3,6,-4,5,-3,6,-3,6,-3,6,-2,5,-2,5,-1,5,0,5,0,0,0,0,0,0,0,0,0,0,0,0,0,0,0,28,-20,35,-13,43,-19,48,-20,40,-16,46,-11,46,-12,47,-12,46,-8,50,-14,47,-9,46,-10,50,-10,45,-13,43,-15,45,-15,44,-16,43,-19,47,-15,40,-17,43,-20,42,-20,39,-21,39,-17,38,-20,39,-24,38,-24,37,-29,37,-27,37,-29,37,-32,38,-29,31,-28,30,-32,37,-29,31,-26,35,-28,35,-32,33,-31,33,-26,30,-25,30,-27,32,-28,33,-28,30,-26,32,-25,32,-24,30,-26,29,-22,29,-20,32,-16,32,-16,30,-15,30,-13,30,-13,30,-9,30,-4,0,0,0,0,0,0,0,0,0,0,0,0,0,0,0,0,0,0,0,0,0,0,-45,-22,-49,-30,-47,-30,-49,-39,-50,-37,-46,-47,-41,-49,-43,-53,-40,-57,-40,-57,-44,-58,-41,-62,-42,-64,-38,-69,-37,-67,-33,-71,-32,-71,-31,-67,-31,-71,-22,-73,-25,-74,-20,-72,-24,-72,-24,-72,-23,-68,-22,-68,-23,-69,-22,-71,-17,-63,-19,-61,-15,-59,-17,-55,-12,-55,-11,-52,-11,-50,-18,-50,-16,-46,-18,-48,-21,-41,-15,-36,-16,-40,-12,-39,-12,-35,-12,-32,-9,-31,-9,-23,-11,-27,-4,-26,-3,-20,-4,-16,3,-12,4,-14,5,-5,10,-1,12,-1,15,8,11,13,0,0]"
CSI_DATA,48,1a:00:00:00:00:00,-45,11,1,0,1,1,1,0,0,0,1,-96,0,11,2,872508,0,44,0,384,0,"[0,0,0,0,0,0,0,0,0,0,0,0,-8,1,-9,1,-9,1,-9,0,-9,1,-9,1,-9,1,-9,0,-9,0,-9,1,-9,1,-9,1,-8,1,-8,1,-8,1,-8,2,-8,2,-8,2,-8,3,-8,2,-8,3,-7,3,-8,3,-7,4,-7,4,-7,3,0,0,-7,4,-7,4,-7,4,-7,4,-7,4,-6,4,-7,4,-7,4,-6,3,-7,4,-6,4,-6,4,-6,3,-6,3,-6,3,-6,3,-6,3,-6,2,-6,2,-6,2,-6,2,-6,2,-6,1,-6,1,-6,0,-5,0,0,0,0,0,0,0,0,0,0,0,0,0,0,0,-33,14,-39,17,-38,15,-43,13,-47,12,-46,8,-52,8,-49,7,-48,6,-46,3,-47,12,-49,6,-50,8,-51,10,-47,9,-46,9,-47,13,-46,15,-48,17,-43,18,-43,19,-45,17,-38,16,-38,20,-42,17,-43,20,-42,23,-40,24,-40,27,-40,27,-41,28,-39,26,-36,27,-35,28,-38,29,-36,22,-35,29,-33,26,-36,27,-35,24,-35,27,-31,23,-31,24,-33,27,-32,21,-35,25,-34,20,-31,22,-34,19,-34,16,-33,13,-31,10,-33,17,-32,13,-32,7,-33,2,-31,0,0,0,0,0,0,0,0,0,0,0,0,0,0,0,0,0,0,0,0,0,0,0,47,23,42,28,44,36,42,35,44,41,39,45,38,44,42,52,41,55,39,57,38,56,42,58,37,64,37,68,33,65,32,69,32,70,27,71,28,64,25,65,23,71,24,76,20,76,23,68,20,68,18,68,19,69,15,63,14,63,15,62,13,61,16,56,12,55,14,52,14,50,17,47,16,45,15,43,14,40,16,38,11,40,14,37,13,32,10,29,7,27,11,28,10,21,0,18,1,18,1,13,-3,9,-7,10,-8,8,-12,0,-17,-7,-16,-5,-12,-16,0,0]"
CSI_DATA,49,1a:00:00:00:00:00,-46,11,1,0,1,1,1,0,0,0,1,-96,0,11,2,915357,0,44,0,384,0,"[0,0,0,0,0,0,0,0,0,0,0,0,-8,-1,-9,-1,-9,-2,-9,-3,-9,-2,-9,-3,-9,-3,-9,-3,-9,-2,-9,-2,-9,-2,-9,-2,-9,-2,-8,-1,-8,-1,-9,-1,-9,-1,-9,-1,-8,0,-9,0,-8,0,-8,0,-9,0,-9,1,-9,1,-9,0,0,0,-9,1,-8,1,-8,1,-8,1,-8,1,-8,1,-8,1,-8,1,-8,1,-8,1,-8,1,-7,1,-7,1,-7,1,-7,0,-7,0,-7,0,-7,0,-7,0,-6,-1,-7,-1,-7,-1,-6,-1,-6,-1,-6,-2,-5,-2,0,0,0,0,0,0,0,0,0,0,0,0,0,0,-39,-5,-40,-4,-43,-5,-47,-11,-42,-10,-46,-13,-44,-17,-50,-20,-50,-11,-46,-15,-48,-18,-45,-13,-46,-13,-46,-16,-49,-10,-47,-10,-49,-9,-45,-9,-45,-6,-49,-6,-48,-4,-47,-4,-47,0,-44,-5,-46,1,-47,0,-46,1,-49,5,-46,2,-48,3,-48,3,-50,6,-43,3,-46,4,-53,6,-46,6,-46,0,-45,7,-40,5,-44,3,-41,4,-41,7,-42,3,-41,3,-44,2,-40,-1,-42,6,-38,5,-38,-3,-38,-3,-39,-1,-40,-1,-35,-7,-33,-9,-30,-11,-28,-11,-27,-15,0,0,0,0,0,0,0,0,0,0,0,0,0,0,0,0,0,0,0,0,0,0,29,41,26,44,24,48,24,58,22,57,21,61,13,66,13,67,12,70,12,70,7,75,6,74,6,73,0,77,0,77,-8,78,-8,78,-9,75,-7,79,-16,72,-15,77,-15,77,-16,76,-11,71,-18,69,-18,73,-15,70,-18,70,-16,64,-17,61,-16,61,-15,59,-13,54,-10,52,-12,49,-10,49,-7,47,-7,45,-9,41,-4,40,-10,41,-5,40,-6,38,-5,31,-5,30,-2,25,-5,21,-5,19,-6,17,-7,14,-12,8,-8,1,-10,-1,-11,-4,-9,-11,-11,-16,-4,-22,0,0]"
CSI_DATA,50,1a:00:00:00:00:00,-46,11,1,0,1,1,1,0,0,0,1,-96,0,11,2,942415,0,44,0,384,0,"[0,0,0,0,0,0,0,0,0,0,0,0,4,-7,4,-7,5,-8,4,-7,5,-8,4,-7,5,-7,5,-7,5,-7,5,-7,4,-7,4,-7,4,-8,4,-8,4,-7,4,-8,3,-8,3,-8,3,-8,2,-8,3,-8,3,-8,3,-9,2,-9,2,-9,2,-8,0,0,2,-9,2,-9,2,-8,2,-9,2,-8,1,-8,2,-8,2,-8,2,-8,2,-7,2,-8,2,-7,2,-7,2,-7,2,-7,2,-7,2,-7,2,-6,2,-6,2,-6,3,-6,3,-5,3,-5,3,-5,3,-4,3,-4,0,0,0,0,0,0,0,0,0,0,0,0,0,0,13,-34,11,-32,18,-35,22,-33,22,-39,26,-42,31,-37,26,-37,31,-39,32,-39,28,-39,31,-35,31,-35,28,-39,27,-39,27,-39,23,-41,24,-38,23,-40,22,-43,23,-40,22,-39,22,-47,16,-44,16,-47,17,-44,20,-43,17,-47,16,-45,15,-42,15,-43,18,-43,16,-44,13,-47,16,-44,13,-48,12,-43,13,-45,14,-43,15,-40,13,-39,12,-35,15,-36,12,-39,17,-38,11,-37,15,-38,14,-36,17,-34,17,-32,15,-35,16,-30,17,-29,21,-25,21,-26,23,-23,23,-18,0,0,0,0,0,0,0,0,0,0,0,0,0,0,0,0,0,0,0,0,0,0,-47,18,-50,18,-53,17,-60,14,-60,9,-61,8,-65,1,-66,-1,-66,-4,-68,-4,-72,-11,-71,-13,-74,-13,-77,-17,-78,-17,-70,-20,-78,-23,-70,-24,-76,-23,-69,-29,-70,-30,-73,-29,-70,-32,-68,-32,-67,-32,-67,-31,-57,-32,-58,-31,-56,-30,-60,-27,-52,-25,-53,-25,-53,-26,-44,-23,-47,-25,-42,-21,-43,-22,-44,-18,-43,-16,-39,-15,-41,-18,-37,-14,-34,-14,-35,-18,-27,-16,-22,-13,-20,-12,-22,-9,-13,-11,-12,-9,-6,-9,2,-9,-2,-4,9,-4,10,-3,13,-4,19,-1,0,0]"
CSI_DATA,51,1a:00:00:00:00:00,-46,11,1,0,1,1,1,0,0,0,1,-96,0,11,2,962663,0,44,0,384,0,"[0,0,0,0,0,0,0,0,0,0,0,0,-8,3,-8,4,-8,3,-8,3,-8,4,-9,3,-9,3,-8,3,-8,3,-8,3,-9,3,-8,3,-8,3,-8,3,-8,4,-8,4,-7,4,-7,4,-7,4,-7,4,-7,4,-7,5,-7,4,-7,5,-7,5,-7,5,0,0,-6,5,-7,5,-6,5,-6,6,-6,5,-6,5,-6,5,-6,5,-6,4,-6,4,-6,4,-6,4,-6,4,-5,4,-5,4,-5,4,-6,4,-5,3,-5,3,-5,3,-6,3,-6,2,-5,2,-5,1,-5,1,-5,0,0,0,0,0,0,0,0,0,0,0,0,0,0,0,-20,21,-26,26,-37,26,-28,25,-35,26,-38,26,-41,28,-36,24,-41,28,-36,25,-43,25,-47,25,-39,22,-39,25,-38,21,-41,27,-38,29,-41,25,-36,28,-35,30,-35,32,-36,28,-35,26,-33,30,-32,29,-34,34,-34,33,-31,35,-26,36,-33,37,-31,30,-32,33,-32,34,-25,34,-27,32,-25,31,-28,35,-28,36,-27,28,-28,33,-29,34,-27,27,-28,31,-22,30,-26,29,-26,25,-24,27,-23,24,-25,25,-26,22,-28,20,-27,19,-26,20,-27,16,-27,16,-27,8,-28,9,0,0,0,0,0,0,0,0,0,0,0,0,0,0,0,0,0,0,0,0,0,0,52,-5,50,-1,57,5,57,7,60,9,57,15,59,21,57,25,64,26,60,27,63,34,64,38,66,40,63,40,62,39,63,44,59,47,59,50,55,44,61,48,56,52,54,53,53,52,48,54,49,52,47,51,44,50,41,49,46,48,39,47,38,49,38,43,36,42,36,40,33,40,34,36,29,35,34,35,28,30,30,29,27,29,24,29,22,26,25,23,19,21,18,29,14,20,12,19,10,19,2,15,2,16,-5,11,-6,3,-9,5,-14,2,-16,-3,-21,-9,0,0]"
CSI_DATA,52,1a:00:00:00:00:00,-46,11,1,0,1,1,1,0,0,0,1,-96,0,11,2,975049,0,44,0,384,0,"[0,0,0,0,0,0,0,0,0,0,0,0,-1,8,-1,8,-2,8,-2,8,-2,8,-2,8,-3,8,-3,8,-2,8,-2,8,-2,8,-2,8,-2,8,-2,8,-2,8,-1,8,-1,8,-1,8,-1,8,0,8,0,8,0,8,0,8,0,8,0,8,0,8,0,0,1,8,0,8,0,8,0,7,0,7,0,7,0,7,0,7,1,7,0,6,0,6,0,6,0,6,0,6,0,6,0,6,0,6,-1,5,-1,5,-1,5,-1,5,-2,5,-2,5,-2,5,-2,4,-3,4,0,0,0,0,0,0,0,0,0,0,0,0,0,0,0,35,2,39,-4,46,-5,41,-7,45,-10,48,-9,47,-14,46,-12,46,-15,44,-14,50,-13,46,-12,46,-13,44,-10,42,-12,43,-14,46,-8,44,-10,44,-6,45,-3,45,-7,43,-1,43,-7,47,-1,44,1,48,0,42,1,46,0,43,0,45,4,47,4,45,2,47,3,49,6,40,4,43,5,43,5,39,2,42,3,42,5,35,3,36,1,37,0,40,3,41,1,36,1,36,-1,36,0,32,-2,32,-3,27,-6,32,-7,36,-11,29,-11,27,-11,28,-9,19,0,0,0,0,0,0,0,0,0,0,0,0,0,0,0,0,0,0,0,0,0,0,37,-34,39,-33,45,-29,52,-31,51,-30,58,-26,57,-24,58,-25,66,-24,67,-19,68,-17,70,-13,75,-12,77,-9,78,-9,75,-3,78,1,73,1,82,-2,73,1,75,2,79,4,70,8,71,11,73,9,71,8,68,10,68,9,67,8,65,10,58,6,59,9,52,6,55,10,53,6,48,9,45,3,48,4,46,2,42,1,41,7,37,5,36,3,33,4,29,5,25,9,26,5,18,7,17,3,12,2,6,8,3,7,2,13,-4,10,-14,9,-14,11,-15,9,0,0]"
CSI_DATA,53,1a:00:00:00:00:00,-46,11,1,0,1,1,1,0,0,0,1,-96,0,11,2,985763,0,44,0,384,0,"[0,0,0,0,0,0,0,0,0,0,0,0,1,-8,1,-8,2,-9,2,-9,2,-9,2,-9,2,-9,3,-9,2,-8,2,-9,2,-9,2,-9,2,-9,2,-9,1,-8,1,-9,1,-9,1,-8,0,-8,0,-9,0,-8,0,-9,0,-8,-1,-9,0,-9,-1,-8,0,0,-1,-9,0,-9,-1,-9,0,-8,-1,-8,0,-8,0,-8,0,-8,-1,-8,-1,-7,-1,-8,-1,-7,0,-7,-1,-7,-1,-7,0,-7,0,-6,0,-7,0,-6,0,-6,1,-6,1,-6,1,-6,1,-5,1,-5,2,-5,0,0,0,0,0,0,0,0,0,0,0,0,0,0,7,-42,9,-41,13,-41,15,-43,19,-45,19,-41,22,-49,21,-46,22,-45,27,-42,24,-46,20,-44,21,-48,22,-42,18,-44,17,-47,19,-40,16,-47,17,-38,12,-47,15,-46,12,-43,12,-43,8,-46,11,-43,11,-50,8,-45,7,-48,7,-48,5,-50,4,-50,5,-47,4,-45,8,-45,3,-47,5,-47,21,-43,11,-38,6,-48,1,-39,2,-41,5,-43,0,-37,4,-41,4,-37,5,-41,2,-34,4,-39,3,-33,8,-34,8,-35,5,-34,12,-32,14,-28,11,-25,17,-25,18,-23,0,0,0,0,0,0,0,0,0,0,0,0,0,0,0,0,0,0,0,0,0,0,-43,28,-48,23,-51,23,-54,21,-59,20,-63,17,-63,12,-63,9,-70,6,-72,5,-73,3,-75,-2,-77,-5,-79,-9,-78,-9,-76,-10,-79,-11,-77,-14,-71,-13,-77,-18,-75,-20,-75,-19,-71,-21,-69,-18,-71,-21,-66,-23,-65,-23,-62,-23,-61,-18,-61,-21,-58,-21,-54,-23,-51,-18,-52,-18,-48,-19,-48,-13,-45,-20,-41,-13,-40,-11,-43,-14,-38,-12,-34,-17,-34,-9,-34,-13,-25,-10,-25,-16,-25,-13,-16,-11,-15,-14,-10,-9,-7,-10,-4,-9,-2,-11,5,-11,12,-5,18,-8,18,-6,0,0]"
CSI_DATA,54,1a:00:00:00:00:00,-46,11,1,0,1,1,1,0,0,0,1,-96,0,11,2,993131,0,44,0,384,0,"[0,0,0,0,0,0,0,0,0,0,0,0,-6,-7,-6,-7,-6,-8,-5,-7,-6,-8,-5,-8,-6,-8,-6,-8,-5,-8,-5,-8,-6,-8,-6,-7,-6,-7,-6,-7,-6,-7,-7,-7,-6,-6,-7,-6,-6,-5,-7,-6,-7,-6,-7,-5,-7,-6,-7,-5,-7,-5,-7,-5,0,0,-8,-5,-7,-5,-7,-5,-7,-5,-7,-4,-7,-5,-7,-5,-7,-4,-7,-4,-7,-4,-6,-4,-6,-4,-6,-4,-6,-4,-6,-4,-6,-4,-6,-4,-6,-4,-6,-4,-5,-4,-5,-4,-5,-4,-4,-4,-4,-4,-4,-5,-3,-5,0,0,0,0,0,0,0,0,0,0,0,0,0,0,-30,-28,-30,-29,-28,-34,-29,-32,-26,-37,-34,-41,-28,-41,-28,-38,-28,-42,-28,-40,-22,-45,-24,-45,-26,-44,-24,-41,-25,-39,-28,-38,-28,-45,-26,-39,-31,-39,-28,-38,-35,-35,-31,-31,-32,-32,-31,-37,-36,-34,-32,-28,-33,-31,-38,-32,-35,-31,-36,-31,-35,-29,-36,-30,-33,-25,-31,-33,-34,-28,-35,-30,-38,-31,-33,-25,-31,-25,-27,-29,-31,-28,-32,-24,-27,-25,-27,-22,-30,-21,-29,-24,-25,-25,-28,-25,-25,-23,-28,-27,-25,-25,-22,-27,-20,-24,-21,-25,-14,-26,-15,-25,-13,-24,0,0,0,0,0,0,0,0,0,0,0,0,0,0,0,0,0,0,0,0,0,0,4,48,-1,52,-8,52,-9,59,-15,58,-20,60,-22,59,-22,62,-30,61,-27,58,-32,64,-36,65,-41,64,-39,67,-46,61,-45,57,-52,61,-46,58,-46,56,-54,55,-51,52,-54,51,-50,51,-52,53,-52,50,-53,53,-50,47,-52,47,-49,38,-51,41,-50,30,-48,38,-46,34,-43,34,-41,33,-37,31,-35,33,-31,33,-32,27,-34,30,-31,29,-27,20,-27,25,-24,17,-25,20,-25,20,-23,13,-19,9,-19,10,-15,1,-15,1,-8,-5,-2,-8,-5,-13,0,-15,6,-19,5,-22,0,0]"
CSI_DATA,55,1a:00:00:00:00:00,-46,11,1,0,1,1,1,0,0,0,1,-96,0,11,2,1003624,0,44,0,384,0,"[0,0,0,0,0,0,0,0,0,0,0,0,-5,7,-5,7,-5,8,-6,7,-6,7,-6,7,-6,7,-6,7,-6,7,-6,7,-6,7,-6,7,-5,7,-5,7,-5,7,-5,7,-4,7,-5,7,-4,8,-4,7,-4,7,-4,8,-4,7,-3,8,-3,8,-3,8,0,0,-3,8,-3,8,-3,8,-3,8,-3,7,-3,7,-3,7,-3,7,-3,7,-3,7,-3,7,-3,7,-3,6,-3,6,-3,6,-3,6,-3,6,-3,5,-3,5,-3,5,-4,5,-4,5,-4,4,-4,4,-4,3,-5,3,0,0,0,0,0,0,0,0,0,0,0,0,0,0,-11,33,-14,32,-19,37,-20,35,-22,35,-29,38,-26,40,-29,36,-24,37,-30,41,-25,38,-28,37,-26,35,-26,39,-29,34,-30,38,-24,41,-24,38,-23,41,-23,36,-24,37,-23,35,-21,39,-17,41,-16,41,-18,39,-18,41,-15,42,-13,39,-15,39,-11,42,-14,44,-14,41,-10,41,-12,44,-12,43,-12,42,-12,41,-7,38,-13,36,-12,37,-9,36,-10,40,-8,34,-10,35,-11,34,-13,34,-14,35,-14,29,-13,32,-17,29,-18,29,-18,28,-19,26,-22,23,-20,21,-21,19,0,0,0,0,0,0,0,0,0,0,0,0,0,0,0,0,0,0,0,0,0,0,42,-20,47,-20,48,-18,60,-16,57,-10,61,-9,60,-6,64,-5,64,-3,63,0,68,10,71,7,71,10,76,11,73,15,72,20,71,20,69,20,72,23,67,26,68,22,72,28,66,27,65,24,64,31,67,26,60,28,59,30,53,30,55,26,53,25,55,27,48,24,46,23,45,21,45,22,40,22,43,16,40,14,38,16,39,16,36,13,33,16,26,13,26,12,21,7,23,12,15,11,18,9,10,10,8,6,1,9,-9,8,-8,8,-12,5,-16,1,-16,0,0,0]"
CSI_DATA,56,1a:00:00:00:00:00,-46,11,1,0,1,1,1,0,0,0,1,-96,0,11,2,1012471,0,44,0,384,0,"[0,0,0,0,0,0,0,0,0,0,0,0,1,-8,2,-8,2,-8,2,-9,2,-8,2,-8,2,-8,2,-8,2,-8,2,-8,2,-8,1,-8,1,-8,1,-8,1,-8,1,-8,0,-8,0,-8,0,-8,0,-8,-1,-8,-1,-8,-1,-8,-1,-8,-1,-8,-1,-8,0,0,-2,-8,-1,-8,-1,-8,-1,-8,-1,-8,-1,-8,-1,-7,-1,-8,-2,-7,-2,-7,-2,-7,-1,-7,-1,-7,-1,-7,-1,-7,-2,-7,-1,-6,-1,-6,-1,-6,-1,-6,0,-6,0,-6,1,-6,1,-6,1,-5,1,-5,0,0,0,0,0,0,0,0,0,0,0,0,0,0,2,-36,3,-41,9,-44,7,-45,11,-47,14,-47,16,-48,18,-44,21,-49,16,-45,19,-45,18,-46,20,-46,18,-45,15,-44,15,-45,12,-46,12,-49,8,-44,11,-46,9,-45,8,-45,10,-46,7,-43,3,-46,3,-48,4,-45,1,-53,0,-49,-3,-47,-1,-44,1,-48,0,-47,-3,-49,-1,-47,-3,-47,-2,-48,-5,-47,-3,-45,0,-44,0,-43,-4,-40,3,-43,0,-41,-2,-39,-1,-39,0,-38,2,-43,-3,-36,0,-38,3,-36,6,-34,8,-31,10,-34,12,-31,15,-29,15,-25,0,0,0,0,0,0,0,0,0,0,0,0,0,0,0,0,0,0,0,0,0,0,-41,31,-46,30,-52,25,-54,27,-56,23,-62,23,-64,17,-64,14,-69,9,-69,13,-74,13,-71,10,-76,8,-76,5,-76,0,-79,-2,-81,-6,-77,-8,-79,-4,-80,-10,-79,-10,-80,-14,-77,-12,-75,-13,-72,-16,-71,-14,-69,-16,-66,-19,-69,-19,-67,-15,-59,-18,-64,-17,-57,-18,-57,-15,-52,-10,-49,-11,-45,-8,-46,-8,-47,-6,-41,-6,-40,-13,-36,-3,-33,-7,-37,-5,-27,-6,-25,-8,-23,-7,-21,-9,-16,-7,-9,-8,-14,-5,-2,-11,2,-11,3,-8,7,-10,14,-8,17,-6,0,0]"
CSI_DATA,57,1a:00:00:00:00:00,-46,11,1,0,1,1,1,0,0,0,1,-96,0,11,2,1023251,0,44,0,384,0,"[0,0,0,0,0,0,0,0,0,0,0,0,-8,-2,-8,-3,-9,-2,-9,-2,-9,-3,-9,-3,-9,-3,-8,-3,-8,-3,-9,-2,-9,-2,-9,-2,-8,-2,-8,-2,-8,-1,-8,-1,-8,-1,-8,-1,-8,0,-8,0,-8,0,-8,0,-8,0,-9,1,-8,1,-9,0,0,0,-9,1,-8,1,-8,1,-8,1,-8,1,-8,1,-8,1,-7,1,-8,1,-8,1,-7,1,-7,1,-7,1,-7,1,-7,1,-7,1,-7,1,-7,0,-7,0,-6,0,-6,0,-6,0,-6,-1,-6,-1,-5,-2,-5,-2,0,0,0,0,0,0,0,0,0,0,0,0,0,0,-38,0,-39,-3,-42,-2,-43,-7,-47,-8,-44,-6,-45,-9,-50,-12,-48,-9,-50,-15,-53,-15,-46,-11,-50,-8,-46,-12,-47,-7,-50,-6,-49,-10,-45,-4,-43,-7,-47,-1,-49,-1,-49,0,-46,1,-46,2,-43,4,-46,6,-44,4,-46,4,-48,7,-48,7,-48,11,-47,13,-44,5,-43,11,-46,8,-47,12,-41,9,-45,11,-43,10,-42,10,-42,7,-46,7,-37,7,-37,11,-36,11,-37,10,-35,8,-38,6,-37,10,-39,6,-38,2,-32,1,-32,2,-33,-1,-32,-9,-32,-6,-29,-8,0,0,0,0,0,0,0,0,0,0,0,0,0,0,0,0,0,0,0,0,0,0,29,39,28,44,26,51,28,50,24,58,17,59,19,63,15,65,14,65,12,69,10,73,9,73,5,74,3,72,-1,78,-2,80,-5,78,-7,82,-7,78,-9,78,-10,75,-12,76,-7,76,-12,75,-14,73,-15,78,-15,71,-11,67,-15,63,-13,65,-11,60,-13,57,-8,56,-9,55,-10,53,-5,51,-6,52,-3,46,-6,44,-7,42,-8,44,-1,39,-2,36,-5,36,-6,28,-8,34,-4,25,-7,21,-10,14,-6,16,-8,11,-9,8,-8,3,-8,-3,-8,-9,-12,-15,-7,-17,0,0]"
CSI_DATA,58,1a:00:00:00:00:00,-46,11,1,0,1,1,1,0,0,0,1,-96,0,11,2,1032438,0,44,0,384,0,"[0,0,0,0,0,0,0,0,0,0,0,0,-3,7,-3,7,-3,8,-4,8,-4,8,-4,8,-4,8,-3,8,-3,8,-4,7,-4,7,-3,8,-3,7,-3,7,-3,7,-3,8,-2,8,-2,8,-2,7,-2,8,-1,8,-1,8,-1,8,-1,8,-1,8,-1,7,0,0,0,8,-1,8,0,8,-1,8,0,7,-1,8,0,7,-1,7,0,7,0,7,-1,7,-1,7,0,6,-1,6,-1,6,0,6,-1,6,-1,6,-1,6,-1,6,-2,5,-2,5,-2,5,-3,5,-3,5,-3,4,0,0,0,0,0,0,0,0,0,0,0,0,0,0,-12,34,-15,38,-17,43,-23,38,-20,37,-24,40,-25,41,-30,44,-27,41,-31,42,-29,37,-30,39,-27,41,-22,37,-23,42,-24,42,-23,42,-23,42,-24,44,-17,38,-17,43,-15,41,-14,43,-14,44,-14,45,-14,44,-14,41,-8,41,-10,47,-9,44,-9,45,-11,46,-7,41,-5,45,-11,44,-13,42,-10,43,-9,44,-8,43,-7,40,-7,40,-6,42,-7,41,-7,38,-12,38,-9,40,-7,37,-12,34,-13,38,-12,36,-11,31,-14,31,-21,31,-18,27,-18,26,-19,21,-19,22,0,0,0,0,0,0,0,0,0,0,0,0,0,0,0,0,0,0,0,0,0,0,45,-26,49,-25,48,-19,57,-17,60,-19,63,-16,64,-12,64,-5,70,-3,69,-1,73,-2,75,3,75,3,77,8,76,16,75,15,73,20,80,23,79,12,79,23,76,24,74,26,70,26,71,24,66,25,66,27,58,24,64,25,62,24,57,23,58,23,54,26,50,22,52,22,51,23,49,21,49,19,43,16,42,15,41,12,40,12,31,10,33,16,34,12,27,8,22,16,17,13,17,13,16,11,14,9,9,11,2,6,0,11,-7,3,-6,10,-13,6,-16,1,0,0]"
CSI_DATA,59,1a:00:00:00:00:00,-46,11,1,0,1,1,1,0,0,0,1,-96,0,11,2,1044113,0,44,0,384,0,"[0,0,0,0,0,0,0,0,0,0,0,0,-8,2,-8,2,-8,2,-8,2,-9,2,-8,2,-8,2,-8,2,-9,2,-9,2,-8,2,-8,2,-8,2,-8,2,-8,3,-8,3,-7,3,-8,3,-7,4,-7,4,-7,4,-7,4,-7,4,-7,4,-7,5,-7,4,0,0,-6,4,-7,5,-6,5,-7,5,-6,4,-6,5,-6,4,-6,4,-6,4,-6,4,-6,4,-6,4,-5,4,-5,4,-6,4,-5,3,-6,4,-5,3,-6,3,-5,3,-6,3,-6,2,-6,2,-6,1,-6,1,-5,0,0,0,0,0,0,0,0,0,0,0,0,0,0,0,-31,19,-35,18,-35,15,-42,16,-35,20,-43,15,-41,16,-49,17,-42,16,-45,16,-47,17,-44,17,-44,19,-46,14,-42,18,-43,19,-44,16,-38,21,-39,25,-42,21,-39,22,-34,23,-38,28,-37,26,-36,27,-32,31,-34,27,-34,30,-32,30,-34,33,-32,33,-36,35,-30,30,-29,32,-29,28,-28,30,-30,31,-29,27,-32,32,-29,32,-23,30,-28,28,-26,26,-23,28,-27,26,-26,28,-27,29,-26,28,-26,25,-30,21,-31,22,-30,21,-24,18,-27,19,-29,16,-30,12,-33,10,0,0,0,0,0,0,0,0,0,0,0,0,0,0,0,0,0,0,0,0,0,0,47,17,47,21,46,24,51,34,47,33,52,41,45,43,46,44,45,46,45,51,48,58,43,59,44,58,44,58,42,61,41,62,40,72,40,66,36,68,36,73,31,65,32,69,27,67,27,69,30,64,27,66,23,64,25,63,21,58,24,57,19,50,26,57,23,51,21,50,23,48,22,49,19,43,23,40,19,38,20,35,21,35,22,32,16,32,18,30,16,25,5,25,10,23,12,21,6,22,3,13,1,13,-1,12,-8,6,-12,0,-12,-1,-18,-8,-15,-9,0,0]"
CSI_DATA,60,1a:00:00:00:00:00,-46,11,1,0,1,1,1,0,0,0,1,-96,0,11,2,1052854,0,44,0,384,0,"[0,0,0,0,0,0,0,0,0,0,0,0,-8,-1,-8,-1,-9,-2,-9,-2,-9,-2,-9,-2,-9,-2,-9,-2,-9,-2,-9,-2,-9,-2,-9,-2,-9,-2,-8,-1,-8,-1,-9,-1,-8,0,-8,0,-8,0,-8,1,-8,1,-8,1,-8,1,-8,1,-8,1,-8,1,0,0,-8,1,-8,2,-8,2,-8,2,-7,2,-8,2,-8,2,-7,2,-7,1,-8,2,-7,1,-7,2,-7,1,-7,2,-7,1,-7,1,-7,1,-6,1,-6,0,-6,0,-7,0,-6,0,-6,0,-6,-1,-6,-2,-5,-2,0,0,0,0,0,0,0,0,0,0,0,0,0,0,-34,2,-33,5,-39,5,-46,2,-41,-1,-45,-1,-43,-2,-48,-2,-45,-4,-47,-3,-46,-6,-49,-2,-49,-2,-46,-2,-49,2,-47,0,-49,0,-44,2,-49,2,-47,3,-47,7,-46,7,-41,7,-44,8,-43,6,-43,7,-42,15,-42,14,-46,14,-44,17,-42,15,-41,15,-42,14,-46,14,-45,17,-37,14,-41,14,-45,19,-40,15,-36,12,-36,17,-36,14,-36,15,-35,13,-34,16,-38,10,-39,12,-38,15,-36,9,-39,7,-34,5,-33,4,-32,4,-35,0,-32,-2,-31,-6,-32,-3,0,0,0,0,0,0,0,0,0,0,0,0,0,0,0,0,0,0,0,0,0,0,38,30,33,35,32,38,39,45,35,51,32,53,32,57,35,59,29,59,26,62,30,64,27,69,26,73,23,70,19,74,16,78,13,78,14,80,10,77,7,76,10,76,9,73,4,74,0,70,1,72,4,70,1,64,-2,65,-1,62,2,63,-1,58,3,58,3,53,1,53,2,56,4,50,5,50,1,45,5,44,5,44,3,36,1,38,-2,35,2,35,0,32,-3,27,1,22,-2,23,-5,22,-3,15,-6,9,-10,6,-10,2,-11,0,-9,-3,-11,-12,-12,-15,0,0]"
